SID,Name_E,Name_G,PID,TCode,DCode,Code_16,Phy_Vcode,Is_Tribal,Is_Notional
2,Mustiksour,Mustiksour,43,0006,1,1,,0,0
3,Harshil,Harshil,43,0006,1,2,,0,0
4,Jhala,Jhala,43,0006,1,3,,0,0
5,Uttron,Uttron,43,0006,1,4,,0,0
6,Silla,Silla,43,0006,1,5,,0,0
7,Gangnani (Sunagar),Gangnani (Sunagar),43,0006,1,6,,0,0
8,Sald,Sald,43,0006,1,7,,0,0
9,Maneri,Maneri,43,0006,1,8,,0,0
10,Soura,Soura,43,0006,1,9,,0,0
11,Bhatwari - MCH,Bhatwari - MCH,43,0006,1,10,,0,0
12,Bonga,Bonga,43,0006,1,11,,0,0
13,Naitala,Naitala,43,0006,1,12,,0,0
14,Gorsali,Gorsali,43,0006,1,13,,0,0
15,Sangam Chati,Sangam Chati,43,0006,1,14,,0,0
16,Tiloth,Tiloth,43,0006,1,15,,0,0
17,Rampur,Rampur,56,0013,3,1,,0,0
18,Guptakashi,Guptakashi,56,0013,3,2,,0,0
19,Daira,Daira,56,0013,3,3,,0,0
20,Makkumath,Makkumath,56,0013,3,4,,0,0
21,Lamgaundy,Lamgaundy,56,0013,3,5,,0,0
22,Paldwari,Paldwari,56,0013,3,6,,0,0
23,Ransi,Ransi,56,0013,3,7,,0,0
24,Parkandi,Parkandi,56,0013,3,8,,0,0
25,Chinyalisour-MCH,Chinyalisour-MCH,44,0005,1,1,,0,0
26,Banchora,Banchora,44,0005,1,2,,0,0
27,Dichali,Dichali,44,0005,1,3,,0,0
28,ShriKot,ShriKot,44,0005,1,4,,0,0
29,Jibya Daski,Jibya Daski,44,0005,1,5,,0,0
30,Rauntal,Rauntal,44,0005,1,6,,0,0
31,Khalsi,Khalsi,44,0005,1,7,,0,0
32,Jaspur Gamri,Jaspur Gamri,44,0005,1,8,,0,0
33,Jogath,Jogath,44,0005,1,9,,0,0
34,Gadoli,Gadoli,44,0005,1,10,,0,0
35,Chhaijula,Chhaijula,44,0005,1,11,,0,0
36,Matholi,Matholi,44,0005,1,12,,0,0
37,Bangoan,Bangoan,44,0005,1,13,,0,0
38,Thati (Peepli),Thati (Peepli),45,0004,1,1,,0,0
39,Dhontri,Dhontri,45,0004,1,2,,0,0
40,Sylna,Sylna,45,0004,1,3,,0,0
41,Junga,Junga,45,0004,1,4,,0,0
42,Gorsada,Gorsada,45,0004,1,5,,0,0
43,Malna,Malna,45,0004,1,6,,0,0
44,Jaspur,Jaspur,45,0004,1,7,,0,0
45,Kamad,Kamad,45,0004,1,8,,0,0
46,Kanwa,Kanwa,45,0004,1,9,,0,0
47,Fold,Fold,45,0004,1,10,,0,0
48,Dunda-MCH,Dunda-MHC,45,0004,1,11,,0,0
49,Gainwla,Gainwla,45,0004,1,12,,0,0
50,Ranukigad,Ranukigad,45,0004,1,13,,0,0
51,Jadi Dhumka,Jadi Dhumka,45,0004,1,14,,0,0
52,Gaunag,Gaunag,45,0004,1,15,,0,0
53,Mori-MCH,Mori-MCH,49,0002,1,1,,0,0
54,Jakhol,Jakhol,49,0002,1,2,,0,0
55,Arakot,Arakot,49,0002,1,3,,0,0
56,Gadugad,Gadugad,49,0002,1,4,,0,0
57,Dhoni,Dhoni,49,0002,1,5,,0,0
58,Sour Shankri,Sour Shankri,49,0002,1,6,,0,0
59,Naitwar,Naitwar,49,0002,1,7,,0,0
60,Gangaad,Gangaad,49,0002,1,8,,0,0
61,Taluka,Taluka,49,0002,1,9,,0,0
62,Bhutanu,Bhutanu,49,0002,1,10,,0,0
63,Chinwa,Chinwa,49,0002,1,11,,0,0
64,Thadiyar,Thadiyar,49,0002,1,12,,0,0
65,Gokul,Gokul,49,0002,1,13,,0,0
73,Rana,Rana,54,0003,1,1,,0,0
74,Barkot,Barkot,54,0003,1,2,,0,0
75,Gadoli,Gadoli,54,0003,1,3,,0,0
76,Kuthnor,Kuthnor,54,0003,1,4,,0,0
77,Kaffnoul,Kaffnoul,54,0003,1,5,,0,0
78,Bagwan SC,Bagwan SC,84,0017,4,1,,0,0
79,Bhankoli,Bhankoli,54,0003,1,6,,0,0
80,Oadgoan,Oadgoan,54,0003,1,7,,0,0
81,Lakshmoli SC,Lakshmoli SC,84,0017,4,2,,0,0
82,Damta,Damta,54,0003,1,8,,0,0
83,Kandari,Kandari,54,0003,1,9,,0,0
84,Devprayag SC,Devprayag SC,84,0017,4,3,,0,0
85,Sarnoul,Sarnoul,54,0003,1,10,,0,0
86,Dewal,Dewal,54,0003,1,11,,0,0
87,Malda SC,Malda SC,84,0017,4,4,,0,0
88,Goal,Goal,54,0003,1,12,,0,0
89,Jamnikhal SC,Jamnikhal SC,84,0017,4,5,,0,0
90,Kharsali,Kharsali,54,0003,1,13,,0,0
91,Dhari Kalogi,Dhari Kalogi,54,0003,1,14,,0,0
92,Mahad SC,Mahad SC,84,0017,4,6,,0,0
93,Kharadi,Kharadi,54,0003,1,15,,0,0
94,Banas,Banas,54,0003,1,16,,0,0
95,Bharpur SC,Bharpur SC,84,0017,4,7,,0,0
96,Gangtadi,Gangtadi,54,0003,1,17,,0,0
97,Bachelikhal SC,Bachelikhal SC,84,0017,4,8,,0,0
98,Ponti,Ponti,54,0003,1,18,,0,0
99,Ransolodhar SC,Ransolodhar SC,84,0017,4,9,,0,0
100,Naugoan-MCH,Naugoan-MCH,54,0003,1,19,,0,0
101,Paurikhal SC,Paurikhal SC,84,0017,4,10,,0,0
102,Tyuna SC,Tyuna SC,84,0017,4,11,,0,0
103,Hinsriyakhal SC,Hinsriyakhal SC,84,0017,4,12,,0,0
104,Baunth SC,Baunth SC,84,0017,4,13,,0,0
105,Devka SC,Devka SC,84,0017,4,14,,0,0
106,Laludikhal SC,Laludikhal SC,84,0017,4,15,,0,0
107,Gaumukh SC,Gaumukh SC,84,0017,4,16,,0,0
108,Palethi SC,Palethi SC,84,0017,4,17,,0,0
109,Chapoli SC,Chapoli SC,84,0017,4,18,,0,0
110,Saudu Bagichakhal,Saudu Bagichakhal,84,0017,4,19,,0,0
111,Munnakhal SC,Munnakhal SC,84,0017,4,20,,0,0
112,Kodi Pantwadi SC,Kodi Pantwadi SC,42,0021,4,1,,0,0
113,Nainbagh SC,Nainbagh SC,42,0021,4,2,,0,0
114,Mogi SC,Mogi SC,42,0021,4,3,,0,0
115,Myani Lalur SC,Myani Lalur SC,42,0021,4,4,,0,0
116,Almas SC,Almas SC,42,0021,4,5,,0,0
117,Kemptey SC,Kemptey SC,42,0021,4,6,,0,0
118,Bhawan SC,Bhawan SC,42,0021,4,7,,0,0
119,Katal SC,Katal SC,42,0021,4,8,,0,0
120,Satyon SC,Satyon SC,42,0021,4,9,,0,0
121,Shrikot SC,Shrikot SC,42,0021,4,10,,0,0
122,Kumalda SC,Kumalda SC,42,0021,4,11,,0,0
123,Bangsil SC,Bangsil SC,42,0021,4,12,,0,0
124,Dhanolti SC,Dhanolti SC,42,0021,4,13,,0,0
125,Dwargarh SC,Dwargarh SC,42,0021,4,14,,0,0
126,Thatyur SC,Thatyur SC,42,0021,4,15,,0,0
127,Khyarsi SC,Khyarsi SC,42,0021,4,16,,0,0
128,Dibogi SC,Dibogi SC,42,0021,4,17,,0,0
129,Matli SC,Matli SC,42,0021,4,18,,0,0
130,Katu-Ki Chail SC,Katu-Ki Chail SC,42,0021,4,19,,0,0
131,Maroda SC,Maroda SC,42,0021,4,20,,0,0
132,Footkuan,Footkuan,86,0065,11,1,,0,0
133,Ganga Pur Kabarwal,Ganga Pur Kabarwal,86,0065,11,2,,0,0
134,Halduchaur,Halduchaur,86,0065,11,3,,0,0
135,Gaujajalli,Gaujajalli,86,0065,11,4,,0,0
136,Bamori,Bamori,86,0065,11,5,,0,0
137,Lohariyasal,Lohariyasal,86,0065,11,6,,0,0
138,Fatehpur,Fatehpur,86,0065,11,7,,0,0
139,Chausala,Chausala,86,0065,11,8,,0,0
140,Pandey Niwar,Pandey Niwar,86,0065,11,9,,0,0
141,Dewalchor,Dewalchor,86,0065,11,10,,0,0
142,Phoolchor,Phoolchor,86,0065,11,11,,0,0
143,Lamachor,Lamachor,86,0065,11,12,,0,0
144,Daulatpur,Daulatpur,86,0065,11,13,,0,0
145,Kishanpur,Kishanpur,86,0065,11,14,,0,0
146,Kunwarpur,Kunwarpur,86,0065,11,15,,0,0
147,Devla,Devla,86,0065,11,16,,0,0
148,Khera,Khera,86,0065,11,17,,0,0
149,Chorgaliya,Chorgaliya,86,0065,11,18,,0,0
150,Lalkuan,Lalkuan,86,0065,11,19,,0,0
151,Indranagar,Indranagar,86,0065,11,20,,0,0
152,Kalika Mandir,Kalika Mandir,86,0065,11,21,,0,0
153,Kotabhag,Kotabhag,91,0067,11,1,,0,0
154,Devirampur,Devirampur,91,0067,11,2,,0,0
155,Gintigaon,Gintigaon,91,0067,11,3,,0,0
156,Bajujni haldu,Bajujni haldu,91,0067,11,4,,0,0
157,Patliya,Patliya,91,0067,11,5,,0,0
158,Syat,Syat,91,0067,11,6,,0,0
159,Baggarh,Baggarh,91,0067,11,7,,0,0
160,Soud,Soud,91,0067,11,8,,0,0
161,Bassi,Bassi,91,0067,11,9,,0,0
162,Sanana,Sanana,91,0067,11,10,,0,0
163,Amgarhi,Amgarhi,91,0067,11,11,,0,0
164,Doun,Doun,91,0067,11,12,,0,0
165,Okhaldunga,Okhaldunga,91,0067,11,13,,0,0
166,Kaladhungi,Kaladhungi,91,0067,11,14,,0,0
167,Chakalwa,Chakalwa,91,0067,11,15,,0,0
168,Kamola,Kamola,91,0067,11,16,,0,0
169,Bailparav MCH,Bailparav MCH,87,0066,11,1,,0,0
170,Pawalgarh,Pawalgarh,87,0066,11,2,,0,0
171,Gebuwa,Gebuwa,87,0066,11,3,,0,0
172,Choyi,Choyi,87,0066,11,4,,0,0
173,Kyari,Kyari,87,0066,11,5,,0,0
174,Khushalpur Buksha,Khushalpur Buksha,87,0066,11,6,,0,0
175,Paatkot,Paatkot,87,0066,11,7,,0,0
176,Kaaniya,Kaaniya,87,0066,11,8,,0,0
177,Karanpur,Karanpur,87,0066,11,9,,0,0
178,Jogipura,Jogipura,87,0066,11,10,,0,0
179,Dhikuli,Dhikuli,87,0066,11,11,,0,0
180,Mohaan,Mohaan,87,0066,11,12,,0,0
181,Sawal Deh,Sawal Deh,87,0066,11,13,,0,0
182,Pirumdara,Pirumdara,87,0066,11,14,,0,0
183,Chilkhiya,Chilkhiya,87,0066,11,15,,0,0
184,Himmatpur,Himmatpur,87,0066,11,16,,0,0
185,Thari,Thari,87,0066,11,17,,0,0
186,Maldhanchor,Maldhanchor,87,0066,11,18,,0,0
187,Betalghat MCH,Betalghat MCH,88,0062,11,1,,0,0
188,Malli Sethi,Malli Sethi,88,0062,11,2,,0,0
189,Talli Sethi,Talli Sethi,88,0062,11,3,,0,0
190,Tiwari Gaon,Tiwari Gaon,88,0062,11,4,,0,0
191,Kherali Bunga,Kherali Bunga,88,0062,11,5,,0,0
192,Simalkha,Simalkha,88,0062,11,6,,0,0
193,Binkot,Binkot,88,0062,11,7,,0,0
194,Naughar,Naughar,88,0062,11,8,,0,0
195,Chandrakot,Chandrakot,88,0062,11,9,,0,0
196,Thapli,Thapli,88,0062,11,10,,0,0
197,Garampani,Garampani,88,0062,11,11,,0,0
198,Lohali,Lohali,88,0062,11,12,,0,0
199,Dhaniyakot,Dhaniyakot,88,0062,11,13,,0,0
200,Ratighat,Ratighat,88,0062,11,14,,0,0
201,Niglat,Niglat,88,0062,11,15,,0,0
202,Unchakot,Unchakot,88,0062,11,16,,0,0
203,Okhalkanda MCH,Okhalkanda MCH,92,0064,11,1,,0,0
204,Suyi,Suyi,92,0064,11,2,,0,0
205,Kalaagar,Kalaagar,92,0064,11,3,,0,0
206,Khansyu,Khansyu,92,0064,11,4,,0,0
207,Adhora,Adhora,92,0064,11,5,,0,0
208,Tushrad,Tushrad,92,0064,11,6,,0,0
209,Dalkanya,Dalkanya,92,0064,11,7,,0,0
210,Saal,Saal,92,0064,11,8,,0,0
211,Badoun,Badoun,92,0064,11,9,,0,0
212,Patlot,Patlot,92,0064,11,10,,0,0
213,Patrani,Patrani,92,0064,11,11,,0,0
214,Harishtaal,Harishtaal,92,0064,11,12,,0,0
215,Pataliya,Pataliya,92,0064,11,13,,0,0
216,Bhidapani,Bhidapani,92,0064,11,14,,0,0
217,Nayii,Nayii,92,0064,11,15,,0,0
218,Chyurigard,Chyurigard,92,0064,11,16,,0,0
219,Jasyuda,Jasyuda,92,0064,11,17,,0,0
220,Dholi Gaon,Dholi Gaon,92,0064,11,18,,0,0
221,Kachlakot,Kachlakot,92,0064,11,19,,0,0
222,Padampuri,Padampuri,90,0064,11,20,,0,0
223,Sunderkhal,Sunderkhal,90,0064,11,21,,0,0
224,Dhudhali,Dhudhali,90,0064,11,22,,0,0
225,Budibana,Budibana,90,0064,11,23,,0,0
226,Dini,Dini,90,0064,11,24,,0,0
227,Parwada,Parwada,90,0064,11,25,,0,0
228,Chaukhuta,Chaukhuta,90,0064,11,26,,0,0
229,Dhanachuli,Dhanachuli,90,0064,11,27,,0,0
230,Palada,Palada,90,0064,11,28,,0,0
231,Guniyalekh,Guniyalekh,90,0064,11,29,,0,0
232,Dhari,Dhari,90,0064,11,30,,0,0
233,Pahadpani,Pahadpani,90,0064,11,31,,0,0
234,Talla Ramgarh,Talla Ramgarh,93,0064,11,32,,0,0
235,Shyamkhet,Shyamkhet,93,0064,11,33,,0,0
236,Nathuwakhan,Nathuwakhan,93,0064,11,34,,0,0
237,Hartola,Hartola,93,0064,11,35,,0,0
238,Darim,Darim,93,0064,11,36,,0,0
239,Satbunga,Satbunga,93,0064,11,37,,0,0
240,Gahna,Gahna,93,0064,11,38,,0,0
241,Pokhri,Pokhri,93,0064,11,39,,0,0
242,Sirmouli,Sirmouli,93,0064,11,40,,0,0
243,Mona,Mona,93,0064,11,41,,0,0
244,Pyuda,Pyuda,93,0064,11,42,,0,0
245,Kool,Kool,93,0064,11,43,,0,0
246,Pathri,Pathri,93,0064,11,44,,0,0
247,Suyalbari,Suyalbari,93,0064,11,45,,0,0
248,Devtadhar SC,Devtadhar SC,37,0019,4,1,,0,0
249,Mandar SC,Mandar SC,37,0019,4,2,,0,0
250,Jakhnidhar SC,Jakhnidhar SC,37,0019,4,3,,0,0
251,Bhimtal MCH,Bhimtal MCH,89,0063,11,1,,0,0
252,Madan Negi SC,Madan Negi SC,37,0019,4,4,,0,0
253,Jangliya Gaon,Jangliya Gaon,89,0063,11,2,,0,0
254,Khandogi SC,Khandogi SC,37,0019,4,5,,0,0
255,Mehra Gaon,Mehra Gaon,89,0063,11,3,,0,0
256,Badwali SC,Badwali SC,37,0019,4,6,,0,0
257,Naukhuchiyataal,Naukhuchiyataal,89,0063,11,4,,0,0
258,Anjanisain SC,Anjanisain SC,37,0019,4,7,,0,0
259,Alchouna,Alchouna,89,0063,11,5,,0,0
260,Hediyagaon,Hediyagaon,89,0063,11,6,,0,0
261,Gadoloya SC,Gadoloya SC,37,0019,4,8,,0,0
262,Bhowali,Bhowali,89,0063,11,7,,0,0
263,Kaflog SC,Kaflog SC,37,0019,4,9,,0,0
264,Pinaro,Pinaro,89,0063,11,8,,0,0
265,Semandidhar SC,Semandidhar SC,37,0019,4,10,,0,0
266,Gethiya,Gethiya,89,0063,11,9,,0,0
267,Kaprenisain SC,Kaprenisain SC,37,0019,4,11,,0,0
268,Nayisila,Nayisila,89,0063,11,10,,0,0
269,Nelda SC,Nelda SC,37,0019,4,12,,0,0
270,Devidhura,Devidhura,89,0063,11,11,,0,0
271,Rajakhet SC,Rajakhet SC,37,0019,4,13,,0,0
272,Mangoli,Mangoli,89,0063,11,12,,0,0
273,Laboigaon SC,Laboigaon SC,37,0019,4,14,,0,0
274,Khurpataal,Khurpataal,89,0063,11,13,,0,0
275,Ranibagh,Ranibagh,89,0063,11,14,,0,0
276,Bhatwada (Dharmandal) SC,Bhatwada (Dharmandal) SC,37,0019,4,15,,0,0
277,Dahara,Dahara,89,0063,11,15,,0,0
278,Dhung SC,Dhung SC,37,0019,4,16,,0,0
279,Bhorsa,Bhorsa,89,0063,11,16,,0,0
280,Raushilla,Raushilla,89,0063,11,17,,0,0
281,Ganoli (Dharmandal),Ganoli (Dharmandal),37,0019,4,17,,0,0
282,Jyolikot,Jyolikot,89,0063,11,18,,0,0
283,Maroda SC,Maroda SC,37,0019,4,18,,0,0
284,Hedakhan,Hedakhan,89,0063,11,19,,0,0
285,Pipli (Ghonti),Pipli (Ghonti),37,0019,4,19,,0,0
286,Thapla,Thapla,89,0063,11,20,,0,0
287,Narendra Nagar (Hindolakhal) SC,Narendra Nagar (Hindolakhal) SC,68,0022,4,1,,0,0
288,Pokhri SC,Pokhri SC,68,0022,4,2,,0,0
289,Marodagaad SC,Marodagaad SC,68,0022,4,3,,0,0
290,Khaadi SC,Khaadi SC,68,0022,4,4,,0,0
291,Saundi SC,Saundi SC,68,0022,4,5,,0,0
292,Kodiyal SC,Kodiyal SC,68,0022,4,6,,0,0
293,Duwadhar SC,Duwadhar SC,68,0022,4,7,,0,0
294,Mathyali SC,Mathyali SC,68,0022,4,8,,0,0
295,Gheradhar SC,Gheradhar SC,68,0022,4,9,,0,0
296,Devli SC,Devli SC,68,0022,4,10,,0,0
297,Kyara SC,Kyara SC,68,0022,4,11,,0,0
299,Neer SC,Neer SC,68,0022,4,13,,0,0
300,Guler SC,Guler SC,68,0022,4,14,,0,0
301,Odada SC,Odada SC,68,0022,4,15,,0,0
302,Purwala SC,Purwala SC,68,0022,4,16,,0,0
303,Dhalwala SC,Dhalwala SC,68,0022,4,17,,0,0
304,Bhainsaryon SC,Bhainsaryon SC,68,0022,4,18,,0,0
305,Kasmoli SC,Kasmoli SC,68,0022,4,19,,0,0
306,Kukhai SC,Kukhai SC,68,0022,4,20,,0,0
307,Hadisera SC,Hadisera SC,68,0022,4,21,,0,0
308,Lambgaon SC,Lambgaon SC,71,0018,4,1,,0,0
309,Sera SC,Sera SC,71,0018,4,2,,0,0
310,Chaudhar SC,Chaudhar SC,71,0018,4,3,,0,0
311,Onal Gaon SC,Onal Gaon SC,71,0018,4,4,,0,0
312,Cherapdhar SC,Cherapdhar SC,71,0018,4,5,,0,0
313,Mukhem SC,Mukhem SC,71,0018,4,6,,0,0
314,Haleth SC,Haleth SC,71,0018,4,7,,0,0
315,Kangsali SC,Kangsali SC,71,0018,4,8,,0,0
317,Garwan Gaon SC,Garwan Gaon SC,71,0018,4,9,,0,0
318,Paniyala SC,Paniyala SC,71,0018,4,10,,0,0
319,Deval SC,Deval SC,71,0018,4,11,,0,0
321,Kotal Gaon SC,Kotal Gaon SC,71,0018,4,12,,0,0
322,Majaf SC,Majaf SC,71,0018,4,13,,0,0
323,Raulakot SC,Raulakot SC,71,0018,4,14,,0,0
324,Pokhri SC,Pokhri SC,71,0018,4,15,,0,0
325,Kotga SC,Kotga SC,71,0018,4,16,,0,0
326,Meher Gaon SC,Muher Gaon SC,71,0018,4,17,,0,0
327,Kandiyal SC,Kandiyal SC,71,0018,4,18,,0,0
328,Naugaonkhal SC,Naugaonkhal SC,16,0035,6,1,,0,0
329,Sanglakoti SC,Sanglakoti SC,16,0035,6,2,,0,0
330,Dadda SC,Dadda SC,16,0035,6,3,,0,0
331,Reetakhal SC,Reetakhal SC,16,0035,6,4,,0,0
332,Dharsu SC,Dharsu SC,16,0035,6,5,,0,0
333,Srikot Khal SC,Srikot Khal SC,16,0035,6,6,,0,0
334,Masaun SC,Masaun SC,16,0035,6,7,,0,0
335,Chamkhal SC,Chamkhal SC,16,0035,6,8,,0,0
336,Santudhar SC,Santudhar SC,16,0035,6,9,,0,0
337,Edda SC,Edda SC,16,0035,6,10,,0,0
338,Bagheli SC,Bagheli SC,16,0035,6,11,,0,0
339,Kirkhu SC,Kirkhu SC,16,0035,6,12,,0,0
340,Satpali SC,Satpali SC,16,0035,6,13,,0,0
341,Badoli SC,Badoli SC,16,0035,6,14,,0,0
342,Ekeshwar SC,Ekeshwar SC,16,0035,6,15,,0,0
343,Khulevu SC,Khulevu SC,16,0035,6,16,,0,0
344,Dhaund SC,Dhaund SC,94,0032,6,1,,0,0
345,Siyunsi SC,Siyunsi SC,94,0032,6,2,,0,0
346,Diswani SC,Diswani SC,94,0032,6,3,,0,0
347,Maithanaghat SC,Maithanaghat SC,94,0032,6,4,,0,0
348,Bharorikhal SC,Bharorikhal SC,94,0032,6,5,,0,0
349,Khandakhal SC,Khandakhal SC,94,0032,6,6,,0,0
350,Baijaro SC,Baijaro SC,94,0032,6,7,,0,0
351,Sisai SC,Sisai SC,94,0032,6,8,,0,0
352,Jogimadi SC,Jogimadi SC,94,0032,6,9,,0,0
353,Nau SC,Nau SC,94,0032,6,10,,0,0
354,Thapla SC,Thapla SC,94,0032,6,11,,0,0
355,Nali,Nali,112,0053,9,1,,0,0
356,Saindher SC,Saindher SC,94,0032,6,12,,0,0
357,Bhagwatitallya SC,Bhagwatitallya SC,94,0032,6,13,,0,0
358,Kulinda SC,Kulinda SC,94,0032,6,14,,0,0
359,Farsadi SC,Farsadi SC,94,0032,6,15,,0,0
360,Choptakhal SC,Choptakhal SC,94,0032,6,16,,0,0
361,Petshal,Petshal,112,0053,9,2,,0,0
362,Haldukhal SC,Haldukhal SC,98,0032,6,17,,0,0
363,Bhaun SC,Bhaun SC,98,0032,6,18,,0,0
364,Barechhina,Barechhina,112,0053,9,3,,0,0
365,Digolikhal SC,Digolikhal SC,98,0032,6,19,,0,0
366,Adalikhal SC,Adalikhal SC,98,0032,6,20,,0,0
367,Kingodikhal SC,Kingodikhal SC,98,0032,6,21,,0,0
368,Nagarkhan,Nagarkhan,112,0053,9,4,,0,0
369,Andrauli SC,Andrauli SC,98,0032,6,22,,0,0
370,Sangliya SC,Sangliya SC,98,0032,6,23,,0,0
371,Dholchhina,Dholchhina,112,0053,9,5,,0,0
372,Patotiya SC,Patotiya SC,98,0032,6,24,,0,0
373,Dungri SC,Dungri SC,98,0032,6,25,,0,0
374,Diyari,Diyari,112,0053,9,6,,0,0
375,Golikhal SC,Golikhal SC,98,0032,6,26,,0,0
376,Khirarikhal SC,Khirarikhal SC,98,0032,6,27,,0,0
377,Bunga,Bunga,112,0053,9,7,,0,0
378,Sankarpur SC,Sankarpur SC,98,0032,6,28,,0,0
379,Khadrasi SC,Khadrasi SC,98,0032,6,29,,0,0
380,Kanarichhina,Kanarichhina,112,0053,9,8,,0,0
381,Chamada SC,Chamada SC,98,0032,6,30,,0,0
382,Mangalta,Mangalta,112,0053,9,9,,0,0
383,Kotuda,Kotuda,112,0053,9,10,,0,0
384,Kalalghati SC,Kalalghati SC,7,0036,6,1,,0,0
385,Dholnaili,Dholnaili,112,0053,9,11,,0,0
386,Pokhal SC,Pokhal SC,7,0036,6,2,,0,0
387,Padampur SC,Padampur SC,7,0036,6,3,,0,0
388,Motadhank SC,Motadhank SC,7,0036,6,4,,0,0
389,Lalpani SC,Lalpani SC,7,0036,6,5,,0,0
390,Seela SC,Seela SC,7,0036,6,6,,0,0
391,Majyani SC,Majyani SC,7,0036,6,7,,0,0
392,Balli SC,Balli SC,7,0036,6,8,,0,0
393,Parsola SC,Parsola SC,7,0036,6,9,,0,0
394,Simalna SC,Simalna SC,7,0036,6,10,,0,0
395,Devikhal SC,Devikhal SC,7,0036,6,11,,0,0
396,Nathukhal SC,Nathukhal SC,7,0036,6,12,,0,0
397,Hanumanti SC,Hanumanti SC,7,0036,6,13,,0,0
398,Jaigaon SC,Jaigaon SC,7,0036,6,14,,0,0
399,Sanhey SC,Sanhey SC,7,0036,6,15,,0,0
400,Kalagad SC,Kalagad SC,7,0036,6,16,,0,0
401,Sigaddi (Jaidevpur) SC,Sigaddi (Jaidevpur) SC,7,0036,6,17,,0,0
402,Basantpur,Basantpur,118,0055,9,1,,0,0
403,Miroli,Miroli,118,0055,9,2,,0,0
404,Kandakhal SC,Kandakhal SC,18,0033,6,1,,0,0
405,Dudarkhal SC,Dudarkhal SC,18,0033,6,2,,0,0
406,Kandai SC,Kandai SC,18,0033,6,3,,0,0
407,Dhurasangroli,Dhurasangroli,118,0055,9,3,,0,0
408,Dairyakhal SC,Dairyakhal SC,18,0033,6,4,,0,0
409,Dhaudiyal SC,Dhaudiyal SC,18,0033,6,5,,0,0
410,Jalna,Jalna,118,0055,9,4,,0,0
411,Bandun SC,Bandun SC,18,0033,6,6,,0,0
412,Thalda SC,Thalda SC,18,0033,6,7,,0,0
413,Pundairgaon SC,Pundairgaon SC,18,0033,6,8,,0,0
414,Satyu,Satyu,118,0055,9,5,,0,0
415,Kota Talla SC,Kota Talla SC,18,0033,6,9,,0,0
416,Chaur SC,Chaur SC,18,0033,6,10,,0,0
417,Lansdowne SC,Lansdowne SC,18,0033,6,11,,0,0
418,Thana Matena,Thana Matena,118,0055,9,6,,0,0
419,Chamethakhal SC,Chamethakhal SC,18,0033,6,12,,0,0
420,Gona,Gona,118,0055,9,7,,0,0
421,Khairasain SC,Khairasain SC,18,0033,6,13,,0,0
422,Panul Gaon SC,Panul Gaon SC,18,0033,6,14,,0,0
423,Jaskot,Jaskot,118,0055,9,8,,0,0
424,Badiyargaon SC,Badiyargaon SC,106,0033,6,15,,0,0
425,Dhora,Dhora,118,0055,9,9,,0,0
426,Dabri SC,Dabri SC,106,0033,6,16,,0,0
427,Churani SC,Churani SC,106,0033,6,17,,0,0
428,Jhart  SC,Jhart  SC,106,0033,6,18,,0,0
429,Dharkhola,Dharkhola,118,0055,9,10,,0,0
430,Lekuli SC,Lekuli SC,106,0033,6,19,,0,0
431,Chomu,Chomu,118,0055,9,11,,0,0
432,Timalsain SC,Timalsain SC,106,0033,6,20,,0,0
433,Dwari SC,Dwari SC,106,0033,6,21,,0,0
434,Kotnali  SC,Kotnali  SC,106,0033,6,22,,0,0
435,Basda SC,Basda SC,106,0033,6,23,,0,0
436,Sirwada SC,Sirwada SC,106,0033,6,24,,0,0
437,Bhanga Dewli,Bhanga Dewli,118,0055,9,12,,0,0
438,Agnisain SC,Agnisain SC,106,0033,6,25,,0,0
439,Kalwadi SC,Kalwadi SC,106,0033,6,26,,0,0
440,Durganagar,Durganagar,118,0055,9,13,,0,0
441,Dhabkhal  SC,Dhabkhal  SC,106,0033,6,27,,0,0
442,Tadeni,Tadeni,118,0055,9,14,,0,0
443,Takolikhal SC,Takolikhal SC,106,0033,6,28,,0,0
444,Agrora SC,Agrora SC,20,0030,6,1,,0,0
445,Kaljikhal SC,Kaljikhal SC,20,0030,6,2,,0,0
446,Adwani SC,Adwani SC,20,0030,6,3,,0,0
447,Piplani SC,Piplani SC,20,0030,6,4,,0,0
448,Sunani,Sunani,118,0055,9,15,,0,0
449,Nagar SC,Nagar SC,20,0030,6,5,,0,0
450,Bilkhet SC,Bilkhet SC,20,0030,6,6,,0,0
451,Pepli,Pepli,118,0055,9,16,,0,0
452,Banekh SC,Banekh SC,20,0030,6,7,,0,0
453,Chiloli SC,Chiloli SC,20,0030,6,8,,0,0
454,Banganikhal SC,Banganikhal SC,20,0030,6,9,,0,0
455,Barakot,Barakot,118,0055,9,17,,0,0
456,Dunk SC,Dunk SC,20,0030,6,10,,0,0
457,Sakhnikhet SC,Sakhnikhet SC,20,0030,6,11,,0,0
458,Badiyun SC,Badiyun SC,20,0030,6,12,,0,0
459,Kanshkhet SC,Kanshkhet SC,20,0030,6,13,,0,0
460,Bhainti SC,Bhainti SC,20,0030,6,14,,0,0
461,Lamghara,Lamghara,118,0055,9,18,,0,0
462,Mundenswar SC,Mundenswar SC,20,0030,6,15,,0,0
463,Dehalchauri SC,Dehalchauri SC,23,0030,6,16,,0,0
464,Sabdharkhal SC,Sabdharkhal SC,23,0030,6,17,,0,0
465,Jainti,Jainti,118,0055,9,19,,0,0
466,Baihadakhal SC,Baihadakhal SC,23,0030,6,18,,0,0
467,Ghisgolikhal (Manjeli) SC,Ghisgolikhal (Manjeli) SC,23,0030,6,19,,0,0
468,Devprayag SC,Devprayag SC,23,0030,6,20,,0,0
469,Muchiyali SC,Muchiyali SC,23,0030,6,21,,0,0
470,Daundal SC,Daundal SC,23,0030,6,22,,0,0
471,Jamlakhal SC,Jamlakhal SC,23,0030,6,23,,0,0
472,Ghindwara SC,Ghindwara SC,23,0030,6,24,,0,0
473,Zhardungra,Zhardungra,118,0055,9,20,,0,0
474,Salda SC,Salda SC,23,0030,6,25,,0,0
476,Kholachauri SC,Kholachauri SC,23,0030,6,26,,0,0
477,Basantpur SC,Basantpur SC,23,0030,6,27,,0,0
478,Lasera SC,Lasera SC,23,0030,6,28,,0,0
479,Gadkhet SC,Gadkhet SC,23,0030,6,29,,0,0
480,Pipali SC,Pipali SC,100,0030,6,30,5919,0,0
481,Maroda  SC,Maroda  SC,100,0030,6,31,,0,0
482,Pokhrikhet SC,Pokhrikhet SC,100,0030,6,32,,0,0
483,Chipalghat SC,Chipalghat SC,100,0030,6,33,,0,0
484,Chopdiyun SC,Chopdiyun SC,100,0030,6,34,,0,0
485,Seeku SC,Seeku SC,100,0030,6,35,,0,0
486,Chaplodi SC,Chaplodi SC,100,0030,6,36,,0,0
487,Baijwad SC,Baijwad SC,100,0030,6,37,,0,0
488,Bisald SC,Bisald SC,100,0030,6,38,,0,0
489,Nautha SC,Nautha SC,100,0030,6,39,,0,0
490,Ghunna SC,Ghunna SC,100,0030,6,40,,0,0
491,Seenwal SC,Seenwal SC,100,0030,6,41,,0,0
492,Sainji SC,Sainji SC,100,0030,6,42,,0,0
493,Pang SC,Pang SC,100,0030,6,43,,0,0
494,Sankersain SC,Sankersain SC,100,0030,6,44,,0,0
495,Sarna SC,Sarna SC,100,0030,6,45,,0,0
496,Uregi SC,Uregi SC,102,0030,6,46,,0,0
497,Dadwadevi SC,Dadwadevi SC,102,0030,6,47,,0,0
498,Kesunder SC,Kesunder SC,102,0030,6,48,,0,0
499,Masi,Masi,114,0049,9,1,0,0,0
500,Lawali SC,Lawali SC,102,0030,6,49,,0,0
501,Chatkot SC,Chatkot SC,102,0030,6,50,,0,0
502,Chardhar SC,Chardhar SC,102,0030,6,51,,0,0
503,Nishni SC,Nishni SC,102,0030,6,52,,0,0
504,Auni SC,Auni SC,102,0030,6,53,,0,0
505,Jukanoli,Jukanoli,114,0049,9,2,,0,0
506,Kandha SC,Kandha SC,102,0030,6,54,,0,0
507,Badgaon SC,Badgaon SC,102,0030,6,55,,0,0
508,Dobh Srikot SC,Dobh Srikot SC,102,0030,6,56,,0,0
509,Baada SC,Baada SC,102,0030,6,57,,0,0
510,Joshiyana SC,Joshiyana SC,102,0030,6,58,,0,0
511,Girgaon SC,Girgaon SC,102,0030,6,59,,0,0
512,Chitreswar,Chitreswar,114,0049,9,3,,0,0
513,Kheda,Kheda,114,0049,9,4,,0,0
514,Badhet SC,Badhet SC,12,0034,6,1,,0,0
515,Mahakaleswar,Mahakaleswar,114,0049,9,5,,0,0
516,Dwarikhal SC,Dwarikhal SC,12,0034,6,2,,0,0
517,Kadhik SC,Kadhik SC,12,0034,6,3,,0,0
518,Rampur,Rampur,114,0049,9,6,,0,0
519,Gwil SC,Gwil SC,12,0034,6,4,,0,0
520,Kandakhal SC,Kandakhal SC,12,0034,6,5,,0,0
521,Silogi SC,Silogi SC,12,0034,6,6,,0,0
522,Jaurasi,Jaurasi,114,0049,9,7,,0,0
523,Suradi SC,Suradi SC,12,0034,6,7,,0,0
524,Devikhet SC,Devikhet SC,12,0034,6,8,,0,0
525,Chalthi,Chalthi,123,0057,10,1,,0,0
526,Chailusain SC,Chailusain SC,12,0034,6,9,,0,0
527,Satpuli SC,Satpuli SC,12,0034,6,10,,0,0
528,Jaspur SC,Jaspur SC,12,0034,6,11,,0,0
529,Kinsur SC,Kinsur SC,12,0034,6,12,,0,0
530,Banghat SC,Banghat SC,12,0034,6,13,,0,0
531,Ketukhal SC,Ketukhal SC,12,0034,6,14,,0,0
532,Jameli SC,Jameli SC,12,0034,6,15,,0,0
533,Chakhutiya,Chakhutiya,114,0049,9,8,,0,0
534,MCH Chakhutiya,MCH Chakhutiya,114,0049,9,9,,0,0
535,Amori,Amori,123,0057,10,2,,0,0
536,Chaubattakhal SC,Chaubattakhal SC,105,0034,6,16,,0,0
537,Godi,Godi,114,0049,9,10,,0,0
538,Damdewal SC,Damdewal SC,105,0034,6,17,,0,0
539,Devrajkhal SC,Devrajkhal SC,105,0034,6,18,,0,0
540,Gawani SC,Gawani SC,105,0034,6,19,,0,0
541,Kabdola,Kabdola,114,0049,9,11,,0,0
542,Badhet SC,Badhet SC,105,0034,6,20,,0,0
543,Tilkholi SC,Tilkholi SC,105,0034,6,21,,0,0
544,Kunghkhal SC,Kunghkhal SC,105,0034,6,22,,0,0
545,Kolakhal SC,Kolakhal SC,105,0034,6,23,,0,0
546,Jaikhal SC,Jaikhal SC,105,0034,6,24,,0,0
547,Taragtaal,Taragtaal,114,0049,9,12,,0,0
548,Srikot SC,Srikot SC,105,0034,6,25,,0,0
549,Devradi SC,Devradi SC,105,0034,6,26,,0,0
550,Saidyakhal SC,Saidyakhal SC,105,0034,6,27,,0,0
551,Bhagoti,Bhagoti,114,0049,9,13,,0,0
552,Matgal SC,Matgal SC,105,0034,6,28,,0,0
553,Gadri Malli SC,Gadri Malli SC,105,0034,6,29,,0,0
554,Sipti,Sipti,123,0057,10,3,,0,0
555,Danad,Danad,114,0049,9,14,,0,0
556,Srikot Srinagar SC,Srikot Srinagar SC,22,0029,6,1,,0,0
557,Jaakh SC,Jaakh SC,22,0029,6,2,,0,0
558,Bhatisera SC,Bhatisera SC,22,0029,6,3,,0,0
559,Sumadi SC,Sumadi SC,22,0029,6,4,,0,0
560,Swala,Swala,123,0057,10,4,,0,0
561,Quwerali,Quwerali,114,0049,9,15,,0,0
562,Kathuli SC,Kathuli SC,22,0029,6,5,,0,0
563,Kalyasaud SC,Kalyasaud SC,22,0029,6,6,,0,0
564,Bughani SC,Bughani SC,22,0029,6,7,,0,0
565,Khadktaya,Khadktaya,114,0049,9,16,,0,0
566,Pokhri SC,Pokhri SC,22,0029,6,8,,0,0
567,Dharkhola SC,Dharkhola SC,22,0029,6,9,,0,0
568,Dhoun,Dhoun,123,0057,10,5,,0,0
569,Dhamdewal,Dhamdewal,114,0049,9,17,,0,0
570,Boongidhar SC,Boongidhar SC,108,0031,6,1,,0,0
571,Paithani SC,Paithani SC,108,0031,6,2,,0,0
572,Bageli SC,Bageli SC,108,0031,6,3,,0,0
573,Pinakot SC,Pinakot SC,108,0031,6,4,,0,0
574,Syuoli SC,Syuoli SC,108,0031,6,5,,0,0
576,Chakisain SC,Chakisain SC,108,0031,6,6,,0,0
577,Tarpalisain SC,Tarpalisain SC,108,0031,6,7,,0,0
578,Chaurikhal SC,Chaurikhal SC,108,0031,6,8,,0,0
579,Pokhri SC,Pokhri SC,108,0031,6,9,,0,0
580,Gangaun SC,Gangaun SC,108,0031,6,10,,0,0
581,Sukhidhang,Sukhidhang,123,0057,10,6,,0,0
582,Naudi SC,Naudi SC,108,0031,6,11,,0,0
583,Dadoli SC,Dadoli SC,108,0031,6,12,,0,0
584,Masaun SC,Masaun SC,108,0031,6,13,,0,0
585,Uffrenkhal SC,Uffrenkhal SC,108,0031,6,14,,0,0
586,Kuneth Maroda SC,Kuneth Maroda SC,108,0031,6,15,,0,0
587,Danda,Danda,123,0057,10,7,,0,0
588,Dhura,Dhura,123,0057,10,8,,0,0
589,Thangar SC,Thangar SC,10,0037,6,1,,0,0
590,Mohanchatti SC,Mohanchatti SC,10,0037,6,2,,0,0
591,Aamsain SC,Aamsain SC,10,0037,6,3,,0,0
592,Neelkhant SC,Neelkhant SC,10,0037,6,4,,0,0
593,Laxman Jhula SC,Laxman Jhula SC,10,0037,6,5,,0,0
594,Amola SC,Amola SC,10,0037,6,6,,0,0
595,Kimsar SC,Kimsar SC,10,0037,6,7,,0,0
596,Kedhakhal SC,Kedhakhal SC,10,0037,6,8,,0,0
597,Jamrari,Jamrari,123,0057,10,9,,0,0
598,Kandara SC,Kandara SC,10,0037,6,9,,0,0
599,Pokharkhal SC,Pokharkhal SC,10,0037,6,10,,0,0
600,Kasayli SC,Kasayli SC,10,0037,6,11,,0,0
601,Bhirgunkhal SC,Bhirgunkhal SC,10,0037,6,12,,0,0
602,Dharikhal SC,Dharikhal SC,10,0037,6,13,,0,0
603,Banas SC,Banas SC,10,0037,6,14,,0,0
604,Banchuri SC,Banchuri SC,10,0037,6,15,,0,0
605,Aamdhar,Aamdhar,119,0050,9,1,,0,0
606,Ajoli,Ajoli,119,0050,9,2,,0,0
608,Basedi,Basedi,119,0050,9,4,,0,0
610,Machor,Machor,119,0050,9,5,,0,0
611,Bhonkhal,Bhonkhal,119,0050,9,6,,0,0
612,Bhaganamehra,Bhaganamehra,123,0057,10,10,,0,0
613,Bhorangkhal,Bhorangkhal,119,0050,9,7,,0,0
614,Tukra,Tukra,119,0050,9,8,,0,0
615,Tuknoli,Tuknoli,119,0050,9,9,,0,0
616,Khet SC,Khet SC,71,0018,4,19,,0,0
617,Zhimar,Zhimar,119,0050,9,10,,0,0
618,Khetpali SC,Khetpali SC,71,0018,4,20,,0,0
619,Dabhra,Dabhra,119,0050,9,11,,0,0
620,Quearella,Quearella,119,0050,9,12,,0,0
621,Manila,Manila,119,0050,9,13,,0,0
622,Harda,Harda,119,0050,9,14,,0,0
623,Jalikhan,Jalikhan,119,0050,9,15,,0,0
624,Khumad,Khumad,119,0050,9,16,,0,0
625,Mettani,Mettani,119,0050,9,17,,0,0
626,Dewayal,Dewayal,119,0050,9,18,,0,0
627,Totam,Totam,119,0050,9,19,,0,0
628,Pesiya,Pesiya,119,0050,9,20,,0,0
629,Muhem Gaon SC,Muhem Gaon SC,71,0018,4,21,,0,0
630,Mounpokhari,Mounpokhari,123,0057,10,11,,0,0
631,Takula,Takula,121,0054,9,1,,0,0
632,Kafalpani SC,Kafalpani SC,74,0020,4,1,,0,0
633,Dobata SC,Dobata SC,74,0020,4,2,,0,0
634,Kamand SC,Kamand SC,74,0020,4,3,,0,0
635,Gannath,Gannath,121,0054,9,2,,0,0
636,Basoli,Basoli,121,0054,9,3,,0,0
637,Thauldhar SC,Thauldhar SC,74,0020,4,4,,0,0
638,Sunoli,Sunoli,121,0054,9,4,,0,0
639,Bhaldiyana SC,Bhaldiyana SC,74,0020,4,5,,0,0
640,Katkhet SC,Katkhet SC,74,0020,4,6,,0,0
641,Nagarjadhar SC,Nagarjadhar SC,74,0020,4,7,,0,0
642,Maindkhal SC,Maindkhal SC,74,0020,4,8,,0,0
643,jhijhar,jhijhar,121,0054,9,5,,0,0
644,Bangiyal SC,Bangiyal SC,74,0020,4,9,,0,0
645,Uppu SC,Uppu SC,74,0020,4,10,,0,0
646,Naidol,Naidol,121,0054,9,6,,0,0
647,Patudidhar SC,Patudidhar SC,74,0020,4,11,,0,0
648,Kandikhal Juva SC,Kandikhal Juva SC,74,0020,4,12,,0,0
649,Ayarpani,Ayarpani,121,0054,9,7,,0,0
650,Peepalsari SC,Peepalsari SC,74,0020,4,13,,0,0
651,Ramgaon SC,Ramgaon SC,74,0020,4,14,,0,0
652,Ratnogaad SC,Ratnogaad SC,74,0020,4,15,,0,0
653,Kotyura,Kotyura,121,0054,9,8,,0,0
654,Kandar Gaon SC,Kandar Gaon SC,74,0020,4,16,,0,0
655,Bhamorikhal SC,Bhamorikhal SC,74,0020,4,17,,0,0
656,Someshwar,Someshwar,121,0054,9,9,,0,0
657,Manan,Manan,121,0054,9,10,,0,0
658,Ranman,Ranman,121,0054,9,11,,0,0
659,Nakot SC,Nakot SC,31,0020,4,18,,0,0
660,Nagni SC,Nagni SC,31,0020,4,19,,0,0
661,Pangarkhal SC,Pangarkhal SC,31,0020,4,20,,0,0
662,Bashargaon,Bashargaon,121,0054,9,12,,0,0
663,Gaja SC,Gaja SC,31,0020,4,21,,0,0
664,Gyansu SC,Gyansu SC,31,0020,4,22,,0,0
665,Baheda SC,Baheda SC,31,0020,4,23,,0,0
666,Chopdiyal Gaon SC,Chopdiyal Gaon SC,31,0020,4,24,,0,0
667,Chaamni SC,Chaamni SC,31,0020,4,25,,0,0
668,Bachuradi,Bachuradi,121,0054,9,13,,0,0
669,Nail SC,Nail SC,31,0020,4,26,,0,0
670,Naicholi SC,Naicholi SC,31,0020,4,27,,0,0
671,Melti,Melti,121,0054,9,14,,0,0
672,Dibnu SC,Dibnu SC,31,0020,4,28,,0,0
673,Baadshahithaul SC,Baadshahithaul SC,31,0020,4,29,,0,0
674,Bijoriya,Bijoriya,121,0054,9,15,,0,0
675,Chopdiyali SC,Chopdiyali SC,31,0020,4,30,,0,0
677,Dharkot SC,Dharkot SC,31,0020,4,31,,0,0
678,Doni,Doni,121,0054,9,16,,0,0
679,Jaddhargaon SC,Jaddhargaon SC,31,0020,4,32,,0,0
680,Jhupulchora,Jhupulchora,121,0054,9,17,,0,0
681,Banaali SC,Banaali SC,31,0020,4,33,,0,0
682,Lod,Lod,121,0054,9,18,,0,0
683,Khandkari SC,Khandkari SC,31,0020,4,34,,0,0
684,Budam,Budam,123,0057,10,12,,0,0
685,Kakhwadi SC,Kakhwadi SC,31,0020,4,35,,0,0
686,Kyaari SC,Kyaari SC,31,0020,4,36,,0,0
786,Health Sub Center Sunimalli,Health Sub Center Sunimalli,135,0012,2,4,,0,0
787,Tamli,Tamli,124,0057,10,25,,0,0
788,Health Sub Center Senji,Health Sub Center Senji,135,0012,2,5,,0,0
789,Health Sub Center Pajiyana,Health Sub Center Pajiyana,135,0012,2,6,,0,0
790,Health Sub Center Ramda Malla,Health Sub Center Ramda Malla,135,0012,2,7,,0,0
791,Health Sub Center Chorda,Health Sub Center Chorda,135,0012,2,8,,0,0
792,Health Sub Center Kheti,Health Sub Center Kheti,135,0012,2,9,0,0,0
793,Health Sub Center Adibadri,Health Sub Center Adibadri,135,0012,2,10,,0,0
794,Health Sub Center Kansuwa,Health Sub Center Kansuwa,135,0012,2,11,,0,0
795,Health Sub Center Malai,Health Sub Center Malai,135,0012,2,12,,0,0
796,Health Sub Center Rohida,Health Sub Center Rohida,135,0012,2,13,,0,0
797,Health Sub Center Pungaon,Health Sub Center Pungaon,135,0012,2,14,,0,0
798,Health Sub Center Kunigad,Health Sub Center Kunigad,135,0012,2,15,,0,0
799,Health Sub Center Langsi,Health Sub Center Langsi,139,0007,2,1,,0,0
800,Health Sub Center Chain,Health Sub Center Chain,139,0007,2,2,,0,0
801,Health Sub Center Tapovan,Health Sub Center Tapovan,139,0007,2,3,,0,0
802,Health Sub Center Badagaon,Health Sub Center Badagaon,139,0007,2,4,,0,0
803,Health Sub Center Urgam,Health Sub Center Urgam,139,0007,2,5,,0,0
804,Health Sub Center Saluddungra,Health Sub Center Saluddungra,139,0007,2,6,,0,0
805,Health Sub Center Dumak,Health Sub Center Dumak,139,0007,2,7,,0,0
806,Health Sub Center Ganai,Health Sub Center Ganai,139,0007,2,8,,0,0
807,Health Sub Center Tangani,Health Sub Center Tangani,139,0007,2,9,,0,0
808,Health Sub Center Kimana,Health Sub Center Kimana,139,0007,2,10,,0,0
809,Health Sub Center Suraithota,Health Sub Center Suraithota,139,0007,2,11,,0,0
810,Health Sub Center Pandukeshwar,Health Sub Center Pandukeshwar,139,0007,2,12,,0,0
811,Health Sub Center Lata,Health Sub Center Lata,139,0007,2,13,,0,0
812,Health Sub Center Dronagiri,Health Sub Center Dronagiri,139,0007,2,14,,0,0
813,Health Sub Center Bartoli,Health Sub Center Bartoli,141,0010,2,1,,0,0
814,Health Sub Center Sidoli,Health Sub Center Sidoli,141,0010,2,2,,0,0
815,Health Sub Center Nani Banoli,Health Sub Center Nani Banoli,141,0010,2,3,,0,0
816,Health Sub Center Simli,Health Sub Center Simli,141,0010,2,4,,0,0
817,Health Sub Center Umatta,Health Sub Center Umatta,141,0010,2,5,,0,0
818,Health Sub Center Langasu,Health Sub Center Langasu,141,0010,2,6,,0,0
819,Health Sub Center Silangi,Health Sub Center Silangi,141,0010,2,7,,0,0
820,Health Sub Center Kot Kandara,Health Sub Center Kot Kandara,141,0010,2,8,,0,0
821,Health Sub Center Kankhul,Health Sub Center Kankhul,141,0010,2,9,,0,0
822,Health Sub Center Nanisain,Health Sub Center Nanisain,141,0010,2,10,,0,0
823,Health Sub Center Maikhura,Health Sub Center Maikhura,141,0010,2,11,,0,0
824,Health Sub Center Nauli,Health Sub Center Nauli,141,0010,2,12,,0,0
825,Health Sub Center Dharkot,Health Sub Center Dharkot,141,0010,2,13,,0,0
826,Health Sub Center Chula,Health Sub Center Chula,141,0010,2,14,,0,0
827,Health Sub Center Jainta,Health Sub Center Jainta,141,0010,2,15,,0,0
828,Health Sub Center Thirpak,Health Sub Center Thirpak,141,0010,2,16,,0,0
829,Health Sub Center Sarnairas,Health Sub Center Sarnairas,145,0009,2,1,,0,0
830,Health Sub Center Bamoth,Health Sub Center Bamoth,145,0009,2,2,,0,0
831,Health Sub Center Karchhuna,Health Sub Center Karchhuna,145,0009,2,3,,0,0
832,Health Sub Center Udamanda,Health Sub Center Udamanda,145,0009,2,4,,0,0
833,Health Sub Center Simlasu,Health Sub Center Simlasu,145,0009,2,5,,0,0
834,Health Sub Center Rhota,Health Sub Center Rhota,145,0009,2,6,,0,0
835,Health Sub Center Mohankhal,Health Sub Center Mohankhal,145,0009,2,7,,0,0
836,Health Sub Center Kimotha,Health Sub Center Kimotha,145,0009,2,8,,0,0
837,Health Sub Center Salna,Health Sub Center Salna,145,0009,2,9,,0,0
838,Health Sub Center Nail Nauli,Health Sub Center Nail Nauli,145,0009,2,10,,0,0
839,Health Sub Center Trishula,Health Sub Center Trishula,145,0009,2,11,,0,0
840,Health Sub Center Pengad,Health Sub Center Pengad,146,0011,2,1,,0,0
841,Health Sub Center Dungri,Health Sub Center Dungri,146,0011,2,2,,0,0
842,Health Sub Center Dadarbagad,Health Sub Center Dadarbagad,146,0011,2,3,,0,0
843,Health Sub Center Chidingatalla,Health Sub Center Chidingatalla,146,0011,2,4,,0,0
844,Health Sub Center Aser Simli,Health Sub Center Aser Simli,146,0011,2,5,,0,0
845,Health Sub Center Lolti,Health Sub Center Lolti,146,0011,2,6,,0,0
846,Health Sub Center Gwaldam,Health Sub Center Gwaldam,146,0011,2,7,,0,0
847,Health Sub Center Talwadi,Health Sub Center Talwadi,146,0011,2,8,,0,0
848,Health Sub Center Vijaypur,Health Sub Center Vijaypur,146,0011,2,9,,0,0
849,Health Sub Center Nandkeshri,Health Sub Center Nandkeshri,138,0011,2,10,,0,0
850,Health Sub Center Naldhura,Health Sub Center Naldhura,138,0011,2,11,,0,0
851,Health Sub Center Harmal,Health Sub Center Harmal,138,0011,2,12,,0,0
852,Health Sub Center Mundoli,Health Sub Center Mundoli,138,0011,2,13,,0,0
853,Health Sub Center Ghes,Health Sub Center Ghes,138,0011,2,14,,0,0
2137,Main centre P.H.C Kirtinagar,Main centre P.H.C Kirtinagar,148,0017,4,41,3304,0,0
2138,Golimehar,Golimehar,118,0055,9,21,10004164,0,0
2139,Dharkot MC,Dharkot MC,39,0019,4,21,0,0,0
2140,Tulyara,Tulyara,44,0005,1,14,0,0,0
2141,unknown,unknown,203,0075,12,32,10004254,0,0
2142,Dwarahat 2,Dwarahat 2,116,0052,9,25,0,0,0
2143,unknown,hindi,197,0074,12,35,10004279,0,0
2144,Pratapnagar SC,Pratapnagar SC,71,0018,4,24,3451,0,0
2145,tyolikheer,tyolikheer,157,0041,7,17,0,0,0
2146,unknown,&nbsp;,81,0071,12,16,10004322,0,0
2147,Binta 2,Binta 2,116,0052,9,26,0,0,0
2148,khirsu,,22,0029,6,11,0,0,0
2149,Ranakot APHC,Ranakot APHC,69,0022,4,33,0,0,0
2150,APHC Chopta,APHC Chopta,144,0011,2,30,1409,0,0
2151,Kanjabag,,192,0075,12,33,10004354,0,0
2152,Chakarpur,,189,0075,12,34,0,0,0
2153,Bhurmohalia,,203,0075,12,35,10004254,0,0
2154,Maindkhal Add Phc,,75,0020,4,50,3948,0,0
2155,Health Sub Center Jhirkoti,Health Sub Center Jhirkoti,141,0010,2,19,1174,0,0
2156,Anchrikunt,,149,0017,4,42,0,0,0
2157,APHC Urgam,APHC Urgam,140,0007,2,16,10001870,0,0
2158,Dharkot,Dharkot,37,0019,4,22,10004181,0,0
2159,Katghar SC,Katghar SC,12,0034,6,32,7711,0,0
2160,mundethi,mundethi,24,0016,4,37,0,0,0
2161,KHARMASHA,HINDI,186,0069,12,16,10004666,0,0
2162,GANJ,hindi,356,0069,12,17,10004670,0,0
2163,n.a,n.a,24,0016,4,38,0,0,0
2164,Idiyan,Idiyan,75,0020,4,51,3924,0,0
2165,atal centre birogi,atal centre birogi,31,0020,4,52,10002742,0,0
2166,atal centre dadoor,atal centre dadoor,31,0020,4,53,0,0,0
2167,atal centre jagdhar,atal centre jagdhar,31,0020,4,54,0,0,0
2168,sarot,sarot,74,0020,4,55,3908,0,0
2169,baleshwar,,24,0016,4,39,0,0,0
2170,jaakh,,22,0029,6,12,5419,0,0
2171,Sendul SC,Sendul SC,24,0016,4,40,0,0,0
2172,Motahaldu MCH,Motahaldu MCH,86,0065,11,22,0,0,0
2173,LDBH KASHIPUR,HINDI,367,0069,12,18,0,0,0
2174,Areroo,idiyan,74,0020,4,56,3932,0,0
2175,Ediyan,Ediyan,74,0020,4,57,3932,0,0
2176,CHC Mussoorie,English,0,00,5,1,0,0,0
2177,Patel Nagar East (Ward 43),Patel Nagar East (Ward 43),353,0027,5,99,5110,0,0
2178,Niranjanpur (Ward 45),Niranjanpur (Ward 45),353,0027,5,100,5110,0,0
2179,Patel Nagar West (Ward 54),Patel Nagar West (Ward 54),353,0027,5,101,5110,0,0
2180,Kalyan Asharam,Kalyan Asharam,353,0027,5,102,5110,0,0
2181,MDDA Laxman Chowk,MDDA Laxman Chowk,353,0027,5,103,5110,0,0
2182,Malviya Road Laxman Chowk,Malviya Road Laxman Chowk,353,0027,5,104,5110,0,0
2183,Rahat Road,Rahat Road,353,0027,5,105,5110,0,0
2228,Bhagat Singh Colony (Ward 30),Bhagat Singh Colony (Ward 30),365,0027,5,149,5110,0,0
2229,Rajeev Nagar (Ward 31),Rajeev Nagar (Ward 31),365,0027,5,150,5110,0,0
2230,Rajpur (Ward 1),Rajpur (Ward 1),360,0027,5,151,5110,0,0
2231,Jakhan (Ward 3),Jakhan (Ward 3),360,0027,5,152,5110,0,0
2232,Shri Dev Suman Nagar (Ward 58),Shri Dev Suman Nagar (Ward 58),358,0027,5,153,5110,0,0
2233,Tilak Road (Ward 19),Tilak Road (Ward 19),358,0027,5,154,0,0,0
2234,Indresh Nagar (Ward 22),Indresh Nagar (Ward 22),358,0027,5,155,5110,0,0
2235,Ajabpur Kala (Ward 36),Ajabpur Kala (Ward 36),357,0027,5,156,5110,0,0
2236,Deep Nagar ( Ward 35),Deep Nagar ( Ward 35),357,0027,5,157,5110,0,0
2237,Defance Colony(Ward 32),Defance Colony(Ward 32),357,0027,5,158,5110,0,0
2238,Kargi (Ward 42),Kargi (Ward 42),362,0027,5,159,0,0,0
2239,Rest Camp (Ward 39),Rest Camp (Ward 39),362,0027,5,160,5110,0,0
2240,Indrapuram (Ward 48),Indrapuram (Ward 48),359,0027,5,161,5110,0,0
2241,Majra (Wad 46),Majra (Wad 46),359,0027,5,162,5110,0,0
2242,Bharampuri (Ward 44),Bharampuri (Ward 44),359,0027,5,163,5110,0,0
2243,Hathi Badkala (Ward 4),Hathi Badkala (Ward 4),363,0027,5,164,5110,0,0
2244,Vijay Colony (Ward 7),Vijay Colony (Ward 7),363,0027,5,165,5110,0,0
2245,Bakralwala (Ward 12),Bakralwala (Ward 12),363,0027,5,166,5110,0,0
2246,Mohit Nagar (Ward 53),Mohit Nagar (Ward 53),361,0027,5,167,5110,0,0
2247,Indra Nagar (Ward 51),Indra Nagar (Ward 51),361,0027,5,168,5110,0,0
2248,Dronpuri (Ward 49),Dronpuri (Ward 49),361,0027,5,169,5110,0,0
2249,Kawali (Ward 50),Kawali (Ward 50),361,0027,5,170,5110,0,0
2250,Chander Nagar (Ward 16),Chander Nagar (Ward 16),362,0027,5,171,5110,0,0
2251,Vijay Nagar (Ward 28),Vijay Nagar (Ward 28),365,0027,5,172,5110,0,0
2252,Kathgodam Sub Center,Kathgodam Sub Center,382,0065,11,23,0,0,0
2253,Nrhm Jawahar Nagar,,382,0065,11,24,0,0,0
2254,Girdharpur,Girdharpur,195,0072,12,27,15949,0,0
2255,Satyon APHC,,46,0021,4,40,3870,0,0
2256,Tumariyadam,Tumariyadam,87,0066,11,19,0,0,0
2257,temp,temp,354,0027,5,173,0,0,0
2258,Betaldhar SC,Betaldhar SC,23,0030,6,65,5781,0,0
2259,NRHM Dholak Basti,,381,0065,11,25,0,0,0
2260,NRHM Ghas Mandi,,381,0065,11,26,0,0,0
2261,NRHM Azad Nagar,,381,0065,11,27,0,0,0
2262,NRHM Ujala Nagar,,380,0065,11,28,0,0,0
2263,NRHM Thokar,,380,0065,11,29,0,0,0
2264,NRHM Rajendra Nagar,&nbsp;,382,0065,11,30,0,0,0
2265,NRHM Gandhi Nagar,,380,0065,11,31,0,0,0
2266,Jhandichaur Main SC,Jhandichaur Main SC,8,0036,6,20,8700,0,0
2267,Pokhal Female SC,Pokhal Female SC,7,0036,6,21,10004423,0,0
2268,Gaindkhal,Gaindkhal,10,0037,6,17,8243,0,0
2269,Manjgaon,Manjgaon,46,0021,4,41,10004790,0,0
2270,Siyakempti,Siyakempti,47,0021,4,42,3722,0,0
2271,Khera,Khera,42,0021,4,43,3626,0,0
2272,Makhreth,Makhreth,42,0021,4,44,3800,0,0
2273,Devang,Devang,26,0016,4,41,2828,0,0
2274,Bura,Bura,134,0008,2,26,980,0,0
2275,Sema,Sema,134,0008,2,27,935,0,0
2276,Kushrani,Kushrani,135,0012,2,17,1942,0,0
2277,Malari,Malari,139,0007,2,17,788,0,0
2278,Diwngtapovan,Diwngtapovan,139,0007,2,18,731,0,0
2279,Main center-1,,128,0059,10,38,13876,0,0
2280,Jakholi MCH 2,Jakholi MCH 2,307,0015,3,49,2203,0,0
2011,Main Center - 2,Main Center - 2,126,0059,10,37,,0,0
2012,Bahadrabad Main Centre,Bahadrabad Main Centre,223,0077,13,40,,0,0
2013,Ganesh Nagar,Ganesh Nagar,82,0014,3,31,,0,0
2014,Gadsari,Gadsari,120,0048,9,40,,0,0
2015,Basukedar,Basukedar,82,0014,3,32,,0,0
2016,Pathalidhar,Pathalidhar,82,0014,3,33,,0,0
2017,Uchadhungi,Uchadhungi,82,0014,3,34,,0,0
2018,Baraith,Baraith,82,0014,3,35,,0,0
2019,Bhiri,Bhiri,82,0014,3,36,,0,0
2020,Kandara,Kandara,82,0014,3,37,,0,0
2021,Machkandi,Machkandi,82,0014,3,38,,0,0
2022,Chandan nagar,Chandan nagar,82,0014,3,39,,0,0
2023,Badav,Badav,82,0014,3,40,,0,0
2024,Syur,Syur,307,0015,3,41,,0,0
2025,Jawari,Jawari,307,0015,3,44,,0,0
2026,Saurakhal,Saurakhal,307,0015,3,45,,0,0
2027,Saunda,Saunda,307,0015,3,46,,0,0
2028,Bhiyunta,Bhiyunta,307,0015,3,47,,0,0
2029,Semelta,Semelta,307,0015,3,48,,0,0
2030,Baksir Bangar,Baksir Bangar,307,0015,3,42,,0,0
2031,Kewarsh,Kewarsh,102,0030,6,64,,0,0
2032,Sahaspur (MCH) SC,Sahaspur (MCH) SC,303,0027,5,98,,0,0
2033,Pulan,Pulan,307,0015,3,43,,0,0
2034,Kashirampur,Kashirampur,7,0036,6,19,8728,0,0
2035,Dhumakot,Dhumakot,98,0032,6,33,6813,0,0
2036,Bandal basnal,Bandal basnal,119,0050,9,21,10002368,0,0
2038,edakot,edakot,119,0050,9,23,10002370,0,0
2039,barkinda,barkinda,119,0050,9,24,10002401,0,0
2040,Kailashpur,Kailashpur,201,0073,12,18,10002523,0,0
2041,Daunkpuri,Daunkpuri,201,0073,12,19,15847,0,0
2042,Majrasheela,Majrasheela,174,0073,12,20,15850,0,0
2043,simani,simani,122,0051,9,22,10002635,0,0
2044,Nandgaon SC,Nandgaon SC,37,0019,4,20,3526,0,0
2046,pasni sc,pasni sc,31,0020,4,39,10002873,0,0
2047,Timilkhal,Timilkhal,114,0049,9,18,11568,0,0
2048,Dharwal Goan,Dharwal Goan,74,0020,4,40,3936,0,0
2051,PHC Chham,PHC Chham,74,0020,4,43,3936,0,0
2052,Maindkhal Add. PHC,MaindKhal Add PhC,74,0020,4,44,3924,0,0
2053,Bhakura,Bhakura,120,0048,9,41,11502,0,0
2054,Hindolakhal(SC),Hindolakhal(SC),84,0017,4,37,3013,0,0
2055,HINDOLAKHAL(CHC),HINDOLAKHAL (CHC),84,0017,4,38,3010,0,0
2056,HISRIYAKHAL APHC,HISRIYAKHAL APHC,85,0017,4,39,3180,0,0
2057,DEVPRYAG  GH,DEVPRYAG GH,84,0017,4,40,3060,0,0
2058,Jayanteshwer,Jayanteshwer,120,0048,9,42,11500,0,0
2059,Basai,Basai,120,0048,9,43,11487,0,0
2062,Taleshwer,Taleshwer,120,0048,9,46,10003276,0,0
2063,jayenteswar,jayenteswar,120,0048,9,47,11541,0,0
2064,Minani,Minani,120,0048,9,48,11414,0,0
2065,Munani,Munani,120,0048,9,49,10003323,0,0
2066,Agyasayour,Agyasayour,120,0048,9,50,10003356,0,0
2067,main centre chamba,main centre chamba,31,0020,4,45,4208,0,0
2068,Chamyari,Chamyari,120,0048,9,51,10001686,0,0
2069,A.P.H.C N.T,A.P.H.C. N.T,31,0020,4,46,4210,0,0
2070,a.p.h.c gaza,a.p.h.c gaza,31,0020,4,47,4253,0,0
2071,Main Center Chamoli,Main Center Chamoli,132,0008,2,23,10003499,0,0
2072,APHC Pipalkhoti,APHC Pipalkhoti,133,0008,2,24,850,0,0
2184,Raj Palace Guru Road,Raj Palace Guru Road,353,0027,5,106,5110,0,0
2185,Staping Stone School Guru Road,Staping Stone School Guru Road,353,0027,5,107,5110,0,0
2186,Gandhi Gram Guru Road,Gandhi Gram Guru Road,353,0027,5,108,5110,0,0
2187,Lalpul Patel Nagar,Lalpul Patel Nagar,353,0027,5,109,5110,0,0
2188,Sanjay Colony,Sanjay Colony,353,0027,5,110,5110,0,0
2189,Bihari Basti,Bihari Basti,353,0027,5,111,5110,0,0
2190,Urban,Urban,368,0027,5,112,0,0,0
2191,Testing 1,Testing 1,368,0027,5,113,0,0,0
2192,Testing 2,Testing 2,368,0027,5,114,0,0,0
2193,Urban,Urban Area,379,0028,5,24,0,0,0
2194,Indra Colony (Ward 14),Indra Colony (Ward 14),349,0027,5,115,5110,0,0
2195,Chukhu Mohalla (Ward 13),Chukhu Mohalla (Ward 13),349,0027,5,116,5110,0,0
2196,Dobhalwala (Ward 6),Dobhalwala (Ward 6),349,0027,5,117,5110,0,0
2197,Khurbura (Ward 20),Khurbura (Ward 20),350,0027,5,118,5110,0,0
2198,Shivaji Marg (Ward 21),Shivaji Marg (Ward 21),350,0027,5,119,5110,0,0
2199,Kalika Mandir Marg (Ward 18),Kalika Mandir Marg (Ward 18),350,0027,5,120,5110,0,0
2200,Yamuna Colony (Ward 56),Yamuna Colony (Ward 56),351,0027,5,121,5110,0,0
2201,Gandhi Gram (Ward 55),Gandhi Gram (Ward 55),351,0027,5,122,5110,0,0
2202,Govind Garh (Ward 57),Govind Garh (Ward 57),351,0027,5,123,5110,0,0
2203,Ritha Mandi (Ward 40),Ritha Mandi (Ward 40),354,0027,5,124,5110,0,0
2204,Lakhibagh (Ward 41),Lakhibagh (Ward 41),354,0027,5,125,5110,0,0
2205,Nehru Colony (Ward 33),Nehru Colony (Ward 33),345,0027,5,126,5110,0,0
2206,Dharampur (Ward 34),Dharampur (Ward 34),345,0027,5,127,5110,0,0
2207,Mata Mandir Road (Ward 37),Mata Mandir Road (Ward 37),345,0027,5,128,5110,0,0
2208,Kaulagarh (Ward 60),Kaulagarh (Ward 60),352,0027,5,129,5110,0,0
2209,Ballupur (Ward 59),Ballupur (Ward 59),352,0027,5,130,5110,0,0
2210,Kishan Nagar (Ward 8),Kishan Nagar (Ward 8),348,0027,5,131,5110,0,0
2211,D.L. Road (Ward 9),D.L. Road (Ward 9),348,0027,5,132,5110,0,0
2212,Aarya Nagar (Ward 5),Aarya Nagar (Ward 5),348,0027,5,133,5110,0,0
2213,Dalanwala North (Ward 25),Dalanwala North (Ward 25),346,0027,5,134,5110,0,0
2214,Karanpur (Ward 11),Karanpur (Ward 11),347,0027,5,135,5110,0,0
2215,temp,temp,347,0027,5,136,0,0,0
2216,temp,temp,347,0027,5,137,0,0,0
2217,Clock Tower (Ward 15),Clock Tower (Ward 15),355,0027,5,138,5110,0,0
2218,MKP (Ward 17),MKP (Ward 17),355,0027,5,139,0,0,0
2219,Dhamawala (Ward 23),Dhamawala (Ward 23),355,0027,5,140,5110,0,0
2220,Racecourse North (Ward 16),Racecourse North (Ward 16),383,0027,5,141,5110,0,0
2221,Racecourse South (Ward 38),Racecourse South (Ward 38),383,0027,5,142,5110,0,0
2222,Dalanwala South (Ward 27),Dalanwala South (Ward 27),347,0027,5,143,0,0,0
2223,Dalanwala East (Ward 26),Dalanwala East (Ward 26),347,0027,5,144,0,0,0
2224,Zanda Mohalla (Ward 24),Zanda Mohalla (Ward 24),355,0027,5,145,5110,0,0
2225,Adhoiwala North (Ward 28),Adhoiwala North (Ward 28),364,0027,5,146,5110,0,0
2226,Adhoiwala South (Ward 29),Adhoiwala South (Ward 29),364,0027,5,147,5110,0,0
2227,Sahastradhara (Ward 2),Sahastradhara (Ward 2),364,0027,5,148,5110,0,0
1901,Pulla,Pulla,127,0059,10,23,,0,0
1902,Badalu Main Center,Badalu Main Center,153,0043,7,38,,0,0
1903,Dharchula Main center,Dharchula Main center,170,0039,7,29,,0,0
1904,Kanalichhina Main Center,Kanalichhina Main Center,160,0040,7,35,,0,0
1905,Gangolihat Main Center,Gangolihat Main Center,177,0042,7,23,,0,0
1906,Berinag Main Center,Berinag Main Center,157,0041,7,16,,0,0
1907,Main Centre 1,Kharkkarki,123,0057,10,26,,0,0
1908,Main Centre 2,Kanalgaon,123,0057,10,27,,0,0
1909,Munsyari Main Center,Munsyari Main Center,173,0038,7,21,,0,0
1910,Egyardevi Main Center,Egyardevi Main Center,151,0043,7,39,,0,0
1911,Bhelunta Sc,Bhelunta Sc,71,0018,4,22,,0,0
1912,Bapru,Bapru,77,0059,10,24,,0,0
1913,Bardakhan,Bardakhan,77,0059,10,25,,0,0
1914,Mau,Mau,77,0059,10,26,,0,0
1915,Raigaon,Raigaon,77,0059,10,27,,0,0
1916,Mirtoli,Mirtoli,77,0059,10,28,,0,0
1917,Rawalgaon,Rawalgaon,77,0059,10,29,,0,0
1918,Matiyal,Matiyal,77,0059,10,30,,0,0
1919,Vaslson,Valson,77,0059,10,31,,0,0
1920,maincenter 1,barakot,77,0059,10,32,,0,0
1921,maincenter 2,barakot2,77,0059,10,33,,0,0
1922,Nomana,Nomana,77,0059,10,34,,0,0
1923,Regru,Regru,77,0059,10,35,,0,0
1924,Gaughat-Babbarpur SC,Gaughat/Babbarpur SC,193,0072,12,18,,0,0
1925,Kichha Sc,Kichha SC,196,0072,12,19,,0,0
1926,Gokulnagar-Prayagfarm SC,Gokulnagar/Prayagfarm SC,196,0072,12,20,,0,0
1927,Partappur SC,Partappur SC,195,0072,12,21,,0,0
1928,Pantnagar SC,Pantnagar SC,194,0072,12,22,,0,0
1929,Nagla Sc,Nagla SC,194,0072,12,23,,0,0
1930,Jawaharnagar SC,Jawaharnagar SC,194,0072,12,24,,0,0
1931,Shantipuri No-02 SC,Shantipuri No-02 SC,194,0072,12,25,,0,0
1932,Shantipuri No-04 SC,Shantipuri No-04 SC,194,0072,12,26,,0,0
1933,Bironkhal SC,Bironkhal SC,94,0032,6,31,,0,0
1934,Dugadda SC,Dugadda SC,7,0036,6,18,,0,0
1935,Dadamandi SC,Dadamandi SC,12,0034,6,30,,0,0
1936,Patisain SC,Patisain SC,16,0035,6,17,,0,0
1937,Jaiharikhal SC,Jaiharikhal SC,18,0033,6,29,,0,0
1938,Ghandiyal SC,Ghandiyal SC,20,0030,6,60,,0,0
1939,Khirsu SC,Khirsu SC,22,0029,6,10,,0,0
1940,Kot SC,Kot SC,23,0030,6,61,,0,0
1941,Nainidanda SC,Nainidanda SC,98,0032,6,32,,0,0
1942,Pabou SC,Pabou SC,100,0030,6,62,,0,0
1943,Pokhra SC,Pokhra SC,105,0034,6,31,,0,0
1944,Pauri SC,Pauri SC,102,0030,6,63,,0,0
1945,Rikhnikhal SC,Rikhnikhal SC,106,0033,6,30,,0,0
1946,Thalisain SC,Thalisain SC,108,0031,6,16,6431,0,0
1947,Yamkeshwer SC,Yamkeshwer SC,10,0037,6,16,,0,0
2073,Salpad,Salpad,115,0056,9,23,10003531,0,0
2075,APHC Gaucher,APHC Gaucher,142,0010,2,17,10003544,0,0
2076,Main Center Gairsain,Main Center Gairsain,135,0012,2,16,1818,0,0
2077,maincentre fakot,maincentre fakot,68,0022,4,22,4333,0,0
2078,Main Center Karanprayag,Main Center Karanprayag,141,0010,2,18,1229,0,0
2079,Main Center Pokhari,Main Center Pokhari,145,0009,2,12,1098,0,0
2080,Main Center Tharali,Main Center Tharali,146,0011,2,27,1604,0,0
2081,Main Center Ghat,Main Center Ghat,134,0008,2,25,996,0,0
2082,Main Center Joshimath,Main Center Joshimath,139,0007,2,15,783,0,0
2083,,,88,0062,11,18,0,0,0
2084,,,88,0062,11,19,0,0,0
2087,naula,naula,89,0063,11,21,14762,0,0
2088,ganja,ganja,89,0063,11,22,14649,0,0
2089,Ramgarh MCH,Ramgarh MCH,93,0064,11,47,0,0,0
2090,SUYALBADI,SUYALBADI,93,0064,11,48,0,0,0
2091,Main Center Narayanbagar,Main Center Narayanbagar,143,0011,2,28,1454,0,0
2092,Main Center Dewal,Main Center Dewal,138,0011,2,29,1639,0,0
2093,Fidogl,Fidogl,42,0021,4,21,3827,0,0
2094,kakru,kakru,42,0021,4,22,3774,0,0
2097,Mundri,Mundri,42,0021,4,25,3774,0,0
2098,Kuwa,Kuwa,42,0021,4,26,3774,0,0
2099,Dugadda,Dugadda,42,0021,4,27,3760,0,0
2100,Sirsh,Sirsh,42,0021,4,28,3760,0,0
2101,Aeri,Aeri,42,0021,4,29,3760,0,0
2102,Moldhar,Moldhar,42,0021,4,30,3760,0,0
2103,Jalsi,Jalsi,42,0021,4,31,3760,0,0
2104,Munglodi,Munglodi,42,0021,4,32,3760,0,0
2105,Digon,Digon,42,0021,4,33,3760,0,0
2106,Bandachak,Bandachak,42,0021,4,34,3779,0,0
2108,Brahamsari,Brahamsari,42,0021,4,36,3779,0,0
2109,Ghuttu,Ghuttu,42,0021,4,37,3779,0,0
2110,Maidtalla,Maidtalla,42,0021,4,38,3779,0,0
2111,Dagasari,Dagasari,42,0021,4,39,3779,0,0
2113,Nauga,Nauga,69,0022,4,23,0,0,0
2114,Shrikot,Shrikot,69,0022,4,24,4484,0,0
2115,Pali,Pali,69,0022,4,25,4484,0,0
2117,Digwali,Digwali,69,0022,4,27,4484,0,0
2118,Koti,Koti,69,0022,4,28,4484,0,0
2121,Nagarjun,Nagarjun,113,0048,9,52,11459,0,0
2122,Chaura,Chaura,113,0048,9,53,10003018,0,0
2123,Bajan,Bajan,113,0048,9,54,10003779,0,0
2124,Main Center Thal Gauchar,Main Center Thal Gauchar,168,0040,7,37,9648,0,0
2125,Kotchonliya,Kotchonliya,113,0048,9,55,10003817,0,0
2126,Kyari(Nagun),Kyari(Nagun),74,0020,4,48,3950,0,0
2127,Barwal Gaon,Barwal Gaon,74,0020,4,49,3992,0,0
2128,Chaka,Chaka,78,0022,4,29,4463,0,0
2130,Pawki Devi,Pawki Devi,70,0022,4,31,4420,0,0
2131,P.P.C.Narendranagar,P.P.C.Narendranagar,67,0022,4,32,4353,0,0
2132,Chanoli,Chanoli,113,0048,9,56,10003952,0,0
2133,barkham,barkham,116,0052,9,23,12283,0,0
2134,Dhudholi,Dhudholi,116,0052,9,24,12269,0,0
2135,Pratap Nagar PHC,Pratap Nagar PHC,71,0018,4,23,3509,0,0
2136,Pilkhi,Pilkhi,24,0016,4,36,2812,0,0
1733,Donipakh SC,Donipakh SC,24,0016,4,24,,0,0
1734,Akhodi SC,Akhodi SC,24,0016,4,25,,0,0
1735,Chanji SC,Chanji SC,24,0016,4,26,,0,0
1736,Shivpuri SC,Shivpuri SC,24,0016,4,27,,0,0
1737,Matkudi SC,Matkudi SC,24,0016,4,28,,0,0
1738,Niwal Gaon SC,Niwal Gaon SC,24,0016,4,29,,0,0
1739,Bhatwada SC,Bhatwada SC,24,0016,4,30,,0,0
1740,Daanchaura SC,Daanchaura SC,24,0016,4,31,,0,0
1741,Ragdi Myar SC,Ragdi Myar SC,24,0016,4,32,,0,0
1742,Gona Gongarh SC,Gona Gongarh SC,24,0016,4,33,,0,0
1743,Banchuri SC,Banchuri SC,24,0016,4,34,,0,0
1744,Ganwadi SC,Ganwadi SC,24,0016,4,35,,0,0
1746,Simlapistor SC,Simlapistor SC,195,0072,12,17,,0,0
1747,Ukhimath MCH 1,Ukhimath MCH 1,56,0013,3,14,,0,0
1748,Ukhimath MCH 2,Ukhimath MCH 2,56,0013,3,15,,0,0
1749,Ukhimath MCH 3,Ukhimath MCH 3,56,0013,3,16,,0,0
1793,jaspur1 SC,jaspur1SC,202,0070,12,13,,0,0
1794,sanyasibala1,sanyasibala1,202,0070,12,14,,0,0
1795,sanyasibala2,sanyasibala2,202,0070,12,15,,0,0
1796,talabpur,talabpur,202,0070,12,16,,0,0
1797,mahuadaabra,mahuadaabra,202,0070,12,17,,0,0
1798,Haldua SC,Haldua SC,185,0070,12,18,,0,0
1799,sarvarkheda 2,sarvarkheda 2,185,0070,12,19,,0,0
1800,lalpur 2,lalpur 2,185,0070,12,20,,0,0
1801,Sar Badiyar,Sar Badiyar,301,0001,1,8,,0,0
1802,Kandiyal Gaon,Kandiyal Gaon,301,0001,1,9,,0,0
1803,Pora,Pora,301,0001,1,10,,0,0
1804,Dhakada,Dhakada,301,0001,1,11,,0,0
1805,Thadung,Thadung,301,0001,1,12,,0,0
1806,Pujeli,Pujeli,301,0001,1,13,,0,0
1807,Purola MCH,Purola MCH,301,0001,1,14,,0,0
1808,Katana,Katana,92,0064,11,46,,0,0
1809,Bhagni,Bhagni,91,0067,11,17,,0,0
1810,Sujau SC,English,254,0023,5,15,,0,0
1811,Korba SC,English,275,0025,5,25,,0,0
1812,Sainj SC,English,275,0025,5,26,,0,0
1813,Mangti SC,English,275,0025,5,27,,0,0
1814,Kaitri SC,English,275,0025,5,28,,0,0
1815,Rekhad SC,English,275,0025,5,29,,0,0
1948,Didihat Main Center,Didihat Main Center,167,0040,7,36,,0,0
1949,ramnagar van,ramnagar van,183,0070,12,21,,0,0
1950,Garinegi 2 SC,Garinegi 2 SC,184,0070,12,22,,0,0
1951,Chamadkhan,Chamadkhan,122,0051,9,13,,0,0
1952,Soni,Soni,122,0051,9,14,,0,0
1953,Kachanal gusai,Kachanal gusai,186,0069,12,15,,0,0
1954,Noghar,Noghar,122,0051,9,15,,0,0
1955,Billekh,Billekh,122,0051,9,16,,0,0
1956,Bhujan,Bhujan,122,0051,9,17,,0,0
1957,Khirkhet,Khirkhet,122,0051,9,18,,0,0
1958,Aeroli,Aeroli,122,0051,9,19,,0,0
1959,Silor Mahadev,Silor Mahadev,122,0051,9,20,,0,0
1960,Chiliyanola,Chiliyanola,122,0051,9,21,,0,0
1961,Patharkhola,Patharkhola,120,0048,9,18,,0,0
1962,Syaldey,Syaldey,120,0048,9,19,,0,0
1963,Gairkhet,Gairkhet,120,0048,9,20,,0,0
1964,Dungari,Dungari,120,0048,9,21,,0,0
1965,Masmoli,Masmoli,120,0048,9,22,,0,0
1966,Lalnagari Taleswar,Lalnagari Taleswar,120,0048,9,23,,0,0
1967,Khaldua,Khaldua,120,0048,9,24,,0,0
1968,Upradi,Upradi,120,0048,9,25,,0,0
1969,Malikhet,Malikhet,120,0048,9,26,,0,0
1970,Chanoli,Chanoli,120,0048,9,27,,0,0
1971,Mahroli,Mahroli,120,0048,9,28,,0,0
1972,Gumati,Gumati,120,0048,9,29,,0,0
1973,Kushiyachon,Kushiyachon,120,0048,9,30,,0,0
1974,Chittodkhal,Chittodkhal,120,0048,9,31,,0,0
1975,Mathkhani,Mathkhani,120,0048,9,32,,0,0
1976,Saraikhet,Saraikhet,120,0048,9,33,,0,0
1977,Gudlekh,Gudlekh,120,0048,9,34,,0,0
1978,Checklani,Checklani,120,0048,9,35,,0,0
1979,Deghat,Deghat,120,0048,9,36,,0,0
1980,Dholadevi,Dholadevi,115,0056,9,1,,0,0
1981,Tapani,Tapani,115,0056,9,2,,0,0
1982,Kheti,Kheti,115,0056,9,3,,0,0
1983,Deolibagar,Deolibagar,115,0056,9,4,,0,0
1984,Kamwakola,Kamwakola,115,0056,9,5,,0,0
1985,Chamtola,Chamtola,115,0056,9,6,,0,0
1986,Makdaun,Makdaun,115,0056,9,7,,0,0
1987,Dhyari,Dhyari,115,0056,9,8,,0,0
1988,Arasalpar,Arasalpar,115,0056,9,9,,0,0
1989,kafalni,kafalni,115,0056,9,10,,0,0
1990,Daniya,Daniya,115,0056,9,11,,0,0
1991,Chill,Chill,115,0056,9,12,,0,0
1992,Bhanoli,Bhanoli,115,0056,9,13,,0,0
1993,Jigoli Toli,Jigoli Toli,115,0056,9,14,,0,0
1994,Cheghethi,Cheghethi,115,0056,9,15,,0,0
1995,Chalnichchina,Chalnichchina,115,0056,9,16,,0,0
1996,Gurudabaj,Gurudabaj,115,0056,9,17,,0,0
1997,Naini,Naini,115,0056,9,18,,0,0
1998,Jageswar,Jageswar,115,0056,9,19,,0,0
1999,Panwanaula,Panwanaula,115,0056,9,20,,0,0
2000,Nakote,Nakote,115,0056,9,21,,0,0
2001,Bamanswal,Bamanswal,115,0056,9,22,,0,0
2002,Bameli,Bameli,113,0048,9,37,,0,0
2003,Basot,Basot,113,0048,9,38,,0,0
2005,Sinar,Sinar,113,0048,9,39,,0,0
2007,Koti Dhalani SC,English,273,0026,5,56,,0,0
2008,Urban Vikasnagar,Urban Vikasnagar,270,0026,5,57,,0,0
2009,jaspur 2 SC,jaspur 2 SC,202,0070,12,23,,0,0
2010,Main Center - 1,Main Center - 1,126,0059,10,36,,0,0
1605,Dhakrani SC,English,271,0026,5,4,,0,0
1606,Fathehpur SC,English,271,0026,5,5,,0,0
1607,Aatanbag SC,English,271,0026,5,6,,0,0
1608,Badripur SC,English,272,0026,5,7,,0,0
1609,Sabhawala SC,English,272,0026,5,8,,0,0
1610,Kunjagrant SC,English,272,0026,5,9,,0,0
1611,Dhalipur SC,English,272,0026,5,10,,0,0
1612,Majri Herbertpur SC,English,272,0026,5,11,,0,0
1613,Dharmawala SC,English,272,0026,5,12,,0,0
1614,Sherpur SC,English,272,0026,5,13,,0,0
1615,Doctorganj SC,English,274,0026,5,14,,0,0
1616,Jeevangarh SC,English,274,0026,5,15,,0,0
1617,Dakpathar SC,English,274,0026,5,16,,0,0
1618,Kata Pather SC,English,274,0026,5,17,,0,0
1619,Badwala SC,English,274,0026,5,18,,0,0
1620,Mehuwala SC,English,274,0026,5,19,,0,0
1621,Pachimwala SC,English,274,0026,5,20,,0,0
1622,Langha SC,English,273,0026,5,21,,0,0
1623,Sumeth SC,English,273,0026,5,22,,0,0
1624,Horrawala SC,English,273,0026,5,23,,0,0
1625,Badwa SC,English,273,0026,5,24,,0,0
1626,Rudhrapur SC,English,273,0026,5,25,,0,0
1627,Jeetgarh SC,English,273,0026,5,26,,0,0
1628,Thaina SC,English,275,0025,5,1,,0,0
1816,Sangaon SC,English,302,0027,5,62,,0,0
1817,Ranipokhri SC,English,302,0027,5,63,,0,0
1818,Bhogpur SC,English,302,0027,5,64,,0,0
1819,Rannagar Danda (Thano) SC,English,302,0027,5,65,,0,0
1820,Itharna SC,English,302,0027,5,66,,0,0
1821,Dharkot SC,English,302,0027,5,67,,0,0
1822,Ghammuwala SC,English,302,0027,5,68,,0,0
1823,Selaquai SC,English,303,0027,5,69,,0,0
1824,Rampur SC,English,303,0027,5,70,,0,0
1825,Jakholi-MCH1,Jakholi-MCH1,307,0015,3,24,,0,0
1826,Mayali,Mayali,307,0015,3,25,,0,0
1827,Chaura,Chaura,307,0015,3,26,,0,0
1828,Budna,Budna,307,0015,3,27,,0,0
1829,Randhar,Randhar,307,0015,3,28,,0,0
1830,Pandavthali,Pandavthali,307,0015,3,29,,0,0
1831,Kainchiwala SC,English,303,0027,5,71,,0,0
1832,Sidhsaur,Sidhsaur,307,0015,3,30,,0,0
1833,Dighdhar,Dighdhar,307,0015,3,31,,0,0
1834,Telpura SC,English,303,0027,5,72,,0,0
1835,Timli,Timli,307,0015,3,32,,0,0
1836,Dhaki SC,English,303,0027,5,73,,0,0
1837,Ucchola,Ucchola,307,0015,3,33,,0,0
1838,Charba SC,English,303,0027,5,74,,0,0
1839,Kandali,Kandali,307,0015,3,34,,0,0
1840,Khaliyan,Khaliyan,307,0015,3,35,,0,0
1842,Tunetha,Tunetha,307,0015,3,36,,0,0
1843,Ghenghar Khal,Ghenghar Khal,307,0015,3,37,,0,0
1844,Tilwari SC,English,304,0027,5,75,,0,0
1845,Sumari,Sumari,307,0015,3,38,,0,0
1846,Bhauwala SC,English,304,0027,5,76,,0,0
1848,Dunga SC,English,304,0027,5,77,,0,0
1849,Jakhal,Jakhal,307,0015,3,39,,0,0
1851,Rajawala SC,English,304,0027,5,78,,0,0
1853,Jhajra SC,English,304,0027,5,79,,0,0
1856,Kotra Santoor SC,English,304,0027,5,80,,0,0
1858,Pondha SC,English,304,0027,5,81,,0,0
1860,Siddhowala SC,English,304,0027,5,82,,0,0
1861,Chandroti SC,English,305,0027,5,83,,0,0
1862,Malsi SC,English,305,0027,5,84,,0,0
1863,Kaulagarh SC,English,305,0027,5,85,,0,0
1864,Gajiyawala SC,English,305,0027,5,86,,0,0
1865,Bhatta Gaon SC,English,305,0027,5,87,,0,0
1866,Hariyawala SC,English,305,0027,5,88,,0,0
1867,Bhagwantpur SC,English,305,0027,5,89,,0,0
1868,Bhitarli SC,English,305,0027,5,90,,0,0
1869,Umedpur SC,English,306,0027,5,91,,0,0
1870,Premnagar SC,English,306,0027,5,92,,0,0
1871,Bhauntowala SC,English,306,0027,5,93,,0,0
1872,Baniyawala SC,English,306,0027,5,94,,0,0
1873,Shyampur SC,English,306,0027,5,95,,0,0
1874,Pelio SC,English,306,0027,5,96,,0,0
1875,Buddhi SC,English,306,0027,5,97,,0,0
1876,Ghangarkhal MCH,Ghangarkhal MCH,307,0015,3,40,,0,0
1877,kalakhet,kalakhet,88,0062,11,17,,0,0
1878,Rai Gadsyari,Rai Gadsyari,157,0041,7,15,,0,0
1879,Aathkhet,Aathkhet,167,0040,7,34,,0,0
1880,Kayala,Kayala,117,0053,9,28,,0,0
1881,Doba,Doba,117,0053,9,29,,0,0
1882,Ramda,Ramda,117,0053,9,30,,0,0
1883,Dhamas,Dhamas,117,0053,9,31,,0,0
1885,Mirtoli,Mirtoli,128,0059,10,12,,0,0
1886,Bhradhkhan,Bhradhkhan,128,0059,10,13,,0,0
1887,Matiyal,Matiyal,128,0059,10,14,,0,0
1888,Raigaon,Raigaon,128,0059,10,15,,0,0
1889,Naumana,Naumana,128,0059,10,16,,0,0
1890,Bapru,Bapru,128,0059,10,17,,0,0
1891,Regru,Regru,128,0059,10,18,,0,0
1892,Valson,Valson,128,0059,10,19,,0,0
1893,Mau,Mau,128,0059,10,20,,0,0
1894,Rawalgaon,Rawalgaon,128,0059,10,21,,0,0
1895,Barakote,Barakote,128,0059,10,22,,0,0
1896,Kandoibharam SC,English,254,0023,5,16,,0,0
1897,Kotikanasar SC,English,254,0023,5,17,,0,0
1898,Astad SC,English,275,0025,5,30,,0,0
1899,Baskhera,Bashkhera,165,0071,12,14,,0,0
1900,Mazaraprabhu,Mazaraprabhu,165,0071,12,15,,0,0
1418,Bankot,Bankot,177,0042,7,8,,0,0
1419,Khirmandey,Khirmandey,177,0042,7,9,,0,0
1420,Chahaj,Chahaj,177,0042,7,10,,0,0
1421,Timta,Timta,177,0042,7,11,,0,0
1422,Gwasikot,Gwasikot,177,0042,7,12,,0,0
1629,Khunna SC,English,275,0025,5,2,,0,0
1630,Lelta SC,English,275,0025,5,3,,0,0
1631,Lakhwar SC,English,275,0025,5,4,,0,0
1632,Gadol SC,English,275,0025,5,5,,0,0
1633,Johri SC,English,275,0025,5,6,,0,0
1634,Pipaya SC,English,275,0025,5,7,,0,0
1635,Khatar SC,English,275,0025,5,8,,0,0
1636,Gangro SC,English,275,0025,5,9,,0,0
1637,Dilau SC,English,275,0025,5,10,,0,0
1638,Dimau SC,English,275,0025,5,11,,0,0
1639,Koti SC,English,275,0025,5,12,,0,0
1640,Panjiya SC,English,275,0025,5,13,,0,0
1641,Magti SC,English,275,0025,5,14,,0,0
1643,Kopti Marlau SC,English,275,0025,5,15,,0,0
1644,Juddo SC,English,275,0025,5,16,,0,0
1645,Matiyava SC,English,275,0025,5,17,,0,0
1646,Kaamla SC,English,275,0025,5,18,,0,0
1647,Haiyaa SC,English,275,0025,5,19,,0,0
1650,Samalta SC,English,275,0025,5,20,,0,0
1651,Basaya SC,English,275,0025,5,21,,0,0
1653,Naraya SC,English,275,0025,5,22,,0,0
1654,Chandau SC,English,275,0025,5,23,,0,0
1655,Sureu SC,English,275,0025,5,24,,0,0
1656,Sawra SC,English,254,0023,5,1,,0,0
1659,Jadi SC,English,254,0023,5,2,,0,0
1660,Mairavna SC,English,254,0023,5,3,,0,0
1661,Buraswa SC,English,254,0023,5,4,,0,0
1662,Maipavta SC,English,254,0023,5,5,,0,0
1663,Moohna SC,English,254,0023,5,6,,0,0
1665,Kunna SC,English,254,0023,5,7,,0,0
1666,Lakhamandal SC,English,254,0023,5,8,,0,0
1667,Barontha SC,English,254,0023,5,9,,0,0
1668,Bhankoli,Bhankoli,43,0006,1,16,,0,0
1669,Manthat SC,English,254,0023,5,10,,0,0
1670,Quansi SC,English,254,0023,5,11,,0,0
1671,Vayla SC,English,254,0023,5,12,,0,0
1672,Dasau SC,English,254,0023,5,13,,0,0
1673,Kwanu SC,English,254,0023,5,14,,0,0
1674,Mundhol SC,English,255,0024,5,1,,0,0
1675,Baagi SC,English,255,0024,5,2,,0,0
1677,Hanol SC,English,255,0024,5,3,,0,0
1678,Raigi SC,English,255,0024,5,4,,0,0
1680,Bhatar SC,English,255,0024,5,5,,0,0
1681,Fannar SC,English,255,0024,5,6,,0,0
1682,Chillad SC,English,255,0024,5,7,,0,0
1683,Birnad SC,English,255,0024,5,8,,0,0
1684,Arnu SC,English,255,0024,5,9,,0,0
1685,Kerad SC,English,255,0024,5,10,,0,0
1686,Tyuni SC,English,255,0024,5,11,,0,0
1687,Dwarahat,Dwarahat,116,0052,9,1,,0,0
1688,Gawad,Gawad,116,0052,9,2,,0,0
1689,Suraikhet,Suraikhet,116,0052,9,3,,0,0
1690,Dunagiri,Dunagiri,116,0052,9,4,,0,0
1691,Ida,Ida,116,0052,9,5,,0,0
1692,Paithani,Paithani,116,0052,9,6,,0,0
1693,Asgoli,Asgoli,116,0052,9,7,,0,0
1694,Jalali,Jalali,116,0052,9,8,,0,0
1695,Badait,Badait,116,0052,9,9,,0,0
1696,Kafada,Kafada,116,0052,9,10,,0,0
1697,Darmad,Darmad,116,0052,9,11,,0,0
1698,Manela,Manela,116,0052,9,12,,0,0
1699,Basulisera,Basulisera,116,0052,9,13,,0,0
1700,Kama,Kama,116,0052,9,14,,0,0
1701,Binta,Binta,116,0052,9,15,,0,0
1702,Kuwanli,Kuwanli,116,0052,9,16,,0,0
1703,Gumadi,Gumadi,116,0052,9,17,,0,0
1704,Mujholi,Mujholi,116,0052,9,18,,0,0
1705,Dadagliya,Dadagliya,116,0052,9,19,,0,0
1706,Majkhali,Majkhali,116,0052,9,20,,0,0
1707,Uroli,Uroli,116,0052,9,21,,0,0
1708,Hawalbagh,Hawalbagh,117,0053,9,13,,0,0
1709,Shitlakhet,Shitlakhet,117,0053,9,14,,0,0
1710,Lodhiya,Lodhiya,117,0053,9,15,,0,0
1711,Tilora,Tilora,117,0053,9,16,,0,0
1712,Malgaon,Malgaon,117,0053,9,17,,0,0
1713,Chitai,Chitai,117,0053,9,18,,0,0
1714,Baiskhet,Baiskhet,117,0053,9,19,,0,0
1715,Nainoli,Nainoli,117,0053,9,20,,0,0
1716,Bhagtola,Bhagtola,117,0053,9,21,,0,0
1717,Sakniyakot,Sakniyakot,117,0053,9,22,,0,0
1718,Chora,Chora,117,0053,9,23,,0,0
1719,Kalimath,Kalimath,117,0053,9,24,,0,0
1720,Dolaghat,Dolaghat,117,0053,9,25,,0,0
1721,Chana,Chana,117,0053,9,26,,0,0
1722,Deenapani,Deenapani,117,0053,9,27,,0,0
1723,Khwada SC,Khwada SC,24,0016,4,14,,0,0
1724,Baheda SC,Baheda SC,24,0016,4,15,,0,0
1725,Toli SC,Toli SC,24,0016,4,16,,0,0
1726,Jyundana SC,Jyundana SC,24,0016,4,17,,0,0
1727,Ghopaddhar SC,Ghopaddhar SC,24,0016,4,18,,0,0
1728,Ghuttu SC,Ghuttu SC,24,0016,4,19,,0,0
1729,Gangi SC,Gangi SC,24,0016,4,20,,0,0
1730,Dangi SC,Dangi SC,24,0016,4,21,,0,0
1731,Thauldhar SC,Thauldhar SC,24,0016,4,22,,0,0
1732,Koti Jakh SC,Koti Jakh SC,24,0016,4,23,,0,0
1423,Bhandarigaon,Bhandarigaon,177,0042,7,13,,0,0
1424,Jakhani Upreti,Jakhani Upreti,177,0042,7,14,,0,0
1425,Balatadi,Balatadi,177,0042,7,15,,0,0
1426,Bungali,Bungali,177,0042,7,16,,0,0
1427,Pauwadhaar,Pauwadhaar,177,0042,7,17,,0,0
1428,Wadyura,Wadyura,177,0042,7,18,,0,0
1429,Kandarachhina,Kandarachhina,177,0042,7,19,,0,0
1430,Narwaghol,Narwaghol,177,0042,7,20,,0,0
1431,Chauna,Chauna,177,0042,7,21,,0,0
1432,Bhingarhi,Bhingarhi,177,0042,7,22,,0,0
1433,Bhakunda,Bhakunda,175,0038,7,1,,0,0
1434,Pandrahpala,Pandrahpala,175,0038,7,2,,0,0
1435,Bansbagad,Bansbagad,175,0038,7,3,,0,0
1436,Hokara,Hokara,175,0038,7,4,,0,0
1437,Quinti,Quinti,175,0038,7,5,,0,0
1438,Bala,Bala,175,0038,7,6,,0,0
1439,Dungari,Dungari,175,0038,7,7,,0,0
1440,Bhainskot,Bhainskot,175,0038,7,8,,0,0
1441,Nachani,Nachani,175,0038,7,9,,0,0
1442,Sainrathi,Sainrathi,175,0038,7,10,,0,0
1443,Samkot,Samkot,175,0038,7,11,,0,0
1444,Bona,Bona,173,0038,7,12,,0,0
1445,Uchcheti,Uchcheti,173,0038,7,13,,0,0
1446,Madkot,Madkot,173,0038,7,14,,0,0
1447,Burfu,Burfu,173,0038,7,15,,0,0
1448,Seraghat,Seraghat,173,0038,7,16,,0,0
1449,Jimiya,Jimiya,173,0038,7,17,,0,0
1450,Dummar,Dummar,173,0038,7,18,,0,0
1451,Tejam,Tejam,173,0038,7,19,,0,0
1452,Chauna,Chauna,173,0038,7,20,,0,0
1453,Augustmuni-MCH1,Augustmuni-MCH1,82,0014,3,1,,0,0
1454,Augustmuni-MCH2,Augustmuni-MCH2,82,0014,3,2,,0,0
1456,Barsuri,Barsuri,82,0014,3,3,,0,0
1457,Ratura,Ratura,82,0014,3,4,,0,0
1458,Haditikhal,Haditikhal,82,0014,3,5,,0,0
1459,Chopra,Chopra,82,0014,3,6,,0,0
1460,Ladoli,Ladoli,82,0014,3,7,,0,0
1462,Durgadhar,Durgadhar,82,0014,3,8,,0,0
1463,Paurikhal,Paurikhal,82,0014,3,9,,0,0
1464,Kakorakhal,Kakorakhal,82,0014,3,10,,0,0
1465,Maikoti,Maikoti,82,0014,3,11,,0,0
1471,Kurjhan,Kurjhan,82,0014,3,12,,0,0
1473,Kherakhal,Kherakhal,82,0014,3,13,,0,0
1474,Nagrasu,Nagrasu,82,0014,3,14,,0,0
1475,Saterakhal,Saterakhal,82,0014,3,15,,0,0
1476,Chopta,Chopta,82,0014,3,16,,0,0
1479,Rudraprayag,Rudraprayag,82,0014,3,17,,0,0
1480,Kandai Bachansue,Kandai Bachansue,82,0014,3,18,,0,0
1481,Ghimtoli,Ghimtoli,82,0014,3,19,,0,0
1482,Tilwara,Tilwara,82,0014,3,20,,0,0
1483,Gaharkhal,Gaharkhal,82,0014,3,21,,0,0
1484,Khankra,Khankra,82,0014,3,22,,0,0
1485,Malkoti,Malkoti,82,0014,3,23,,0,0
1486,Kandai Dashjula,Kandai Dashjula,82,0014,3,24,,0,0
1487,Kotgi,Kotgi,82,0014,3,25,,0,0
1488,Jaggi Baghwan,Jaggi Baghwan,56,0013,3,9,,0,0
1489,Kalimath,Kalimath,56,0013,3,10,,0,0
1490,Mansuna,Mansuna,56,0013,3,11,,0,0
1491,Phata,Phata,56,0013,3,12,,0,0
1492,Chaundi Tulanga,Chaundi Tulanga,56,0013,3,13,,0,0
1517,Kesavpuri SC,English,3,0028,5,1,,0,0
1518,Jollygrant SC,English,258,0028,5,2,,0,0
1519,Badowala SC,English,258,0028,5,3,,0,0
1520,Shergarh SC,English,258,0028,5,4,,0,0
1521,Jogiyana SC,English,258,0028,5,5,,0,0
1522,Fathepur SC,English,258,0028,5,6,,0,0
1523,Kandarwala SC,English,258,0028,5,7,,0,0
1524,Gumaniwala SC,English,257,0028,5,8,,0,0
1525,Ghari Shyampur SC,English,257,0028,5,9,,0,0
1526,Veerpur Khurd SC,English,257,0028,5,10,,0,0
1527,Chidderwala SC,English,257,0028,5,11,,0,0
1528,Bapugram SC,English,257,0028,5,12,,0,0
1529,Shyampur SC,English,257,0028,5,13,,0,0
1530,Raiwala SC,English,256,0028,5,14,,0,0
1531,Pratit Nagar SC,English,256,0028,5,15,,0,0
1532,Haripur Kala SC,English,256,0028,5,16,,0,0
1533,Nathuwawala SC,English,260,0028,5,17,0,0,0
1534,Harrawala SC,English,260,0028,5,18,,0,0
1535,Nakraonda SC,English,260,0028,5,19,,0,0
1536,Samshergarh SC,English,260,0028,5,20,,0,0
1537,Dudhli SC,English,259,0028,5,21,,0,0
1538,Bullawala SC,English,259,0028,5,22,,0,0
1539,Khairi SC,English,259,0028,5,23,,0,0
1540,Kirsali SC,English,261,0027,5,1,,0,0
1541,Ambedkar Basti SC,English,261,0027,5,2,,0,0
1542,Chamasari SC,English,261,0027,5,3,,0,0
1543,Sarona SC,English,261,0027,5,4,,0,0
1544,Maaldevta SC,English,261,0027,5,5,,0,0
1545,Kiyara SC,English,261,0027,5,6,,0,0
1546,Dwarasamoli SC,English,261,0027,5,7,,0,0
1547,Buraskhanda SC,English,261,0027,5,8,,0,0
1548,Nanurkhera SC,English,261,0027,5,9,,0,0
1549,Sodasaroli SC,English,261,0027,5,10,,0,0
1550,Raipur SC,English,261,0027,5,11,,0,0
1551,Badasi SC,English,261,0027,5,12,,0,0
1552,Ajabpur Kala SC,English,263,0027,5,13,,0,0
1553,Nehrugram SC,English,263,0027,5,14,,0,0
1554,Navada SC,English,263,0027,5,15,,0,0
1555,Majri Mafi SC,English,263,0027,5,16,,0,0
1556,Mothrowala SC,English,263,0027,5,17,,0,0
1299,SC Mulakote,SC Mulakote,129,0058,10,13,,0,0
1300,Kumdar,Kumdar,151,0043,7,8,,0,0
1301,SC Jankande,SC Jankande,129,0058,10,14,,0,0
1302,Wadda,Wadda,151,0043,7,9,,0,0
1303,Dungra Bastey,Dungra Bastey,151,0043,7,10,,0,0
1304,Bans,Bans,151,0043,7,11,,0,0
1305,Digtoli,Digtoli,151,0043,7,12,,0,0
1306,Goriyagaon,Goriyagaon,151,0043,7,13,,0,0
1307,SC Bhumwari,SC Bhumwari,129,0058,10,15,,0,0
1308,Roripali,Roripali,151,0043,7,14,,0,0
1309,Chamali,Chamali,151,0043,7,15,,0,0
1310,Khatigaon,Khatigaon,151,0043,7,16,,0,0
1311,Nakot,Nakot,151,0043,7,17,,0,0
1312,Nishani,Nishani,151,0043,7,18,,0,0
1313,SC Pipeldheeng,SC Pipeldheeng,129,0058,10,16,,0,0
1314,SC Binwalgaon,SC Binwalgaon,129,0058,10,17,,0,0
1315,Gaurihat,Gaurihat,153,0043,7,19,,0,0
1316,Jhulaghat,Jhulaghat,153,0043,7,20,,0,0
1317,SC Sakdena,SC Sakdena,129,0058,10,18,,0,0
1318,Balatari,Balatari,153,0043,7,21,,0,0
1319,Katiyani,Katiyani,153,0043,7,22,,0,0
1320,Shakun,Shakun,153,0043,7,23,,0,0
1321,Marhsaun,Marhsaun,153,0043,7,24,,0,0
1322,Kotali,Kotali,153,0043,7,25,,0,0
1323,Paleta,Paleta,153,0043,7,26,,0,0
1324,SC Seemalkhet,SC Seemalkhet,129,0058,10,19,,0,0
1325,Binkot,Binkot,153,0043,7,27,,0,0
1326,Sethigaon,Sethigaon,153,0043,7,28,,0,0
1327,Badabe,Badabe,153,0043,7,29,,0,0
1328,Marsoli,Marsoli,153,0043,7,30,,0,0
1329,Salla Chingari,Salla Chingari,153,0043,7,31,,0,0
1330,Lamakhet,Lamakhet,153,0043,7,32,,0,0
1331,Sirkuch,Sirkuch,153,0043,7,33,,0,0
1332,Bhateri,Bhateri,153,0043,7,34,,0,0
1333,Marh Kharayat,Marh Kharayat,153,0043,7,35,,0,0
1334,Taleshwar,Taleshwar,153,0043,7,36,,0,0
1335,. Bhatigaon,. Bhatigaon,153,0043,7,37,,0,0
1336,Purana Thal,Purana Thal,157,0041,7,1,,0,0
1337,Bhatigaon,Bhatigaon,157,0041,7,2,,0,0
1338,Nagaur,Nagaur,157,0041,7,3,,0,0
1339,Kandey,Kandey,157,0041,7,4,,0,0
1340,Tripura devi,Tripura devi,157,0041,7,5,,0,0
1341,Bhubaneshwer,Bhubaneshwer,157,0041,7,6,,0,0
1342,Garhtir,Garhtir,157,0041,7,7,,0,0
1343,Pankhu,Pankhu,157,0041,7,8,,0,0
1344,Thal,Thal,157,0041,7,9,,0,0
1345,Jabukathal,Jabukathal,157,0041,7,10,,0,0
1346,Ritharaitoli,Ritharaitoli,157,0041,7,11,,0,0
1347,Daula Baliya,Daula Baliya,157,0041,7,12,,0,0
1348,Pausa,Pausa,157,0041,7,13,,0,0
1349,Loha Thal,Loha Thal,157,0041,7,14,,0,0
1350,Muwani,Muwani,160,0040,7,1,,0,0
1351,Bichhul,Bichhul,160,0040,7,2,,0,0
1352,Chharandev,Chharandev,160,0040,7,3,,0,0
1353,Singali,Singali,160,0040,7,4,,0,0
1354,Devalthal,Devalthal,160,0040,7,5,,0,0
1355,Algara,Algara,160,0040,7,6,,0,0
1356,Peepali,Peepali,160,0040,7,7,,0,0
1357,Askot,Askot,160,0040,7,8,,0,0
1358,Dobans,Dobans,160,0040,7,9,,0,0
1359,Bisunakhan,Bisunakhan,160,0040,7,10,,0,0
1360,Chamu,Chamu,160,0040,7,11,,0,0
1361,Malan Kanadhar,Malan Kanadhar,160,0040,7,12,,0,0
1362,Bhagichaura,Bhagichaura,160,0040,7,13,,0,0
1363,Aanagaon,Aanagaon,160,0040,7,14,,0,0
1364,Govatsa,Govatsa,160,0040,7,15,,0,0
1365,Titari,Titari,160,0040,7,16,,0,0
1366,Jamtari,Jamtari,160,0040,7,17,,0,0
1367,Modi,Modi,160,0040,7,18,,0,0
1368,Jaurasi,Jaurasi,167,0040,7,19,,0,0
1369,Chaubati,Chaubati,167,0040,7,20,,0,0
1370,Dunakot,Dunakot,167,0040,7,21,,0,0
1371,Aadichaura,Aadichaura,167,0040,7,22,,0,0
1372,Chamali,Chamali,167,0040,7,23,,0,0
1373,Hachila,Hachila,167,0040,7,24,,0,0
1374,Ajera,Ajera,167,0040,7,25,,0,0
1375,Sandev,Sandev,167,0040,7,26,,0,0
1376,Punigaon,Punigaon,167,0040,7,27,,0,0
1377,Bhantarh,Bhantarh,167,0040,7,28,,0,0
1378,Kauligarali,Kauligarali,167,0040,7,29,,0,0
1379,Tarikhet,Tarikhet,167,0040,7,30,,0,0
1380,Tarigaon,Tarigaon,167,0040,7,31,,0,0
1381,Hararkatiya,Hararkatiya,167,0040,7,32,,0,0
1382,Narayan Nagar,Narayan Nagar,167,0040,7,33,,0,0
1383,Paiyya Pauri,Paiyya Pauri,170,0039,7,1,,0,0
1384,Jaul Jibi,Jaul Jibi,170,0039,7,2,,0,0
1385,Ranthi,Ranthi,170,0039,7,3,,0,0
1386,Baram,Baram,170,0039,7,4,,0,0
1387,Baluwakot,Baluwakot,170,0039,7,5,,0,0
1557,Kargi Grant SC,English,263,0027,5,18,,0,0
1558,Badripur SC,English,263,0027,5,19,,0,0
1566,Sewla Kala SC,English,264,0027,5,27,,0,0
1567,Sewla Khurd SC,English,264,0027,5,28,,0,0
1568,Mehuwala SC,English,264,0027,5,29,,0,0
1569,Majra SC,English,264,0027,5,30,,0,0
1570,Mohebbewala SC,English,264,0027,5,31,,0,0
1571,Kanwali SC,English,264,0027,5,32,,0,0
1601,Jassowala SC,English,271,0026,5,1,,0,0
1602,Jamnipur SC,English,271,0026,5,2,,0,0
1603,Herbertpur SC,English,271,0026,5,3,,0,0
1193,Khanpur,Khanpur,234,0078,13,26,,0,0
1194,Gordhanpur,Gordhanpur,234,0078,13,27,,0,0
1195,Podowali,Podowali,234,0078,13,28,,0,0
1196,Sikanderpur,Sikanderpur,234,0078,13,29,,0,0
1197,Prahladpur(Hastmoli),Prahladpur(Hastmoli),234,0078,13,30,,0,0
1198,Balawali,Balawali,234,0078,13,31,,0,0
1199,Kalasia(Kanewali),Kalasia(Kanewali),234,0078,13,32,,0,0
1200,Chandpuri,Chandpuri,234,0078,13,33,,0,0
1201,Dallawala,Dallawala,234,0078,13,34,,0,0
1202,Karanpur,Karanpur,234,0078,13,35,,0,0
1203,Kanchanpuri SC,Kanchanpuri SC,189,0075,12,1,,0,0
1204,Bigrabag SC,Bigrabag SC,189,0075,12,2,,0,0
1205,Pratappur SC,Pratappur SC,189,0075,12,3,,0,0
1206,Nagumanath SC,Nagumanath SC,189,0075,12,4,,0,0
1207,Kutra SC,Kutra SC,189,0075,12,5,,0,0
1208,Naddana SC,Naddana SC,189,0075,12,6,,0,0
1209,Suzea SC,Suzea SC,189,0075,12,7,,0,0
1210,Budai SC,Budai SC,189,0075,12,8,,0,0
1211,Shripurbichwa SC,Shripurbichwa SC,192,0075,12,9,,0,0
1212,Bariamazola SC,Bariamazola SC,192,0075,12,10,,0,0
1213,Bhurakishni SC,Bhurakishni SC,192,0075,12,11,,0,0
1214,Ghankat SC,Ghankat SC,192,0075,12,12,,0,0
1215,Pahaniya Saizna SC,Pahaniya Saizna SC,192,0075,12,13,,0,0
1216,Duri SC,Duri SC,192,0075,12,14,,0,0
1217,Kanzabag SC,Kanzabag SC,192,0075,12,15,,0,0
1218,Ratanpur SC,Ratanpur SC,192,0075,12,16,,0,0
1219,Naglatarai SC,Naglatarai SC,190,0075,12,17,,0,0
1220,Damgara SC,Damgara SC,190,0075,12,18,,0,0
1221,Sarpuda SC,Sarpuda SC,190,0075,12,19,,0,0
1222,Sisaiya SC,Sisaiya SC,190,0075,12,20,,0,0
1223,Chanda SC,Chanda SC,190,0075,12,21,,0,0
1224,Tedaghat SC,Tedaghat SC,190,0075,12,22,,0,0
1225,Naguanthaagu SC,Naguanthaagu SC,190,0075,12,23,,0,0
1226,khetalsanda SC,khetalsanda SC,190,0075,12,24,,0,0
1227,Bandiya SC,Bandiya SC,191,0075,12,25,,0,0
1228,Maghola SC,Maghola SC,191,0075,12,26,,0,0
1229,Mohmadpurbudiya SC,Mohmadpurbudiya SC,191,0075,12,27,,0,0
1230,Banosi SC,Banosi SC,191,0075,12,28,,0,0
1231,Kanchanpur SC,Kanchanpur SC,191,0075,12,29,,0,0
1232,Nausar SC,Nausar SC,191,0075,12,30,,0,0
1233,Chandeli SC,Chandeli SC,191,0075,12,31,,0,0
1234,Shaktifarm SC,Shaktifarm SC,198,0074,12,1,,0,0
1235,Arvindnagar SC,Arvindnagar SC,198,0074,12,2,,0,0
1236,Tiliyapur SC,Tiliyapur SC,198,0074,12,3,,0,0
1237,Basgar SC,Basgar SC,198,0074,12,4,,0,0
1238,Devnagar SC,Devnagar SC,198,0074,12,5,,0,0
1239,Nirmalnagar SC,Nirmalnagar SC,198,0074,12,6,,0,0
1240,Baikunthpur SC,Baikunthpur SC,198,0074,12,7,,0,0
1241,Tagorenagar SC,Tagorenagar SC,198,0074,12,8,,0,0
1242,Nanakmatta SC,Nanakmatta SC,199,0074,12,9,,0,0
1243,Bidoramaghola SC,Bidoramaghola SC,199,0074,12,10,,0,0
1244,Salmatta SC,Salmatta SC,199,0074,12,11,,0,0
1245,Balkheda SC,Balkheda SC,199,0074,12,12,,0,0
1246,Poorangad SC,Poorangad SC,199,0074,12,13,,0,0
1247,Sidhanvadiya SC,Sidhanvadiya SC,199,0074,12,14,,0,0
1248,Barkidandi SC,Barkidandi SC,199,0074,12,15,,0,0
1249,Bichuva SC,Bichuva SC,199,0074,12,16,,0,0
1250,Tukdi SC,Tukdi SC,199,0074,12,17,,0,0
1251,Saronza SC,Saronza SC,199,0074,12,18,,0,0
1252,Aiztabirigidhor SC,Aiztabirigidhor SC,199,0074,12,19,,0,0
1253,Devkali SC,Devkali SC,199,0074,12,20,,0,0
1254,Kunwarpursisaya SC,Kunwarpursisaya SC,200,0074,12,21,,0,0
1255,Nakatpura SC,Nakatpura SC,200,0074,12,22,,0,0
1256,Bichti SC,Bichti SC,200,0074,12,23,,0,0
1257,Mainaghundi SC,Mainaghundi SC,200,0074,12,24,,0,0
1258,Nakuliya SC,Nakuliya SC,197,0074,12,25,,0,0
1259,Rudpuri SC,Rudpuri SC,197,0074,12,26,,0,0
1260,Sitarganj SC,Sitarganj SC,197,0074,12,27,10004279,0,0
1261,Kailashpuri SC,Kailashpuri SC,197,0074,12,28,,0,0
1262,Sisaikheda SC,Sisaikheda SC,197,0074,12,29,,0,0
1388,Khela,Khela,170,0039,7,6,,0,0
1389,Dar,Dar,170,0039,7,7,,0,0
1390,Sosa,Sosa,170,0039,7,8,,0,0
1391,Simkhola,Simkhola,170,0039,7,9,,0,0
1392,Go,Go,170,0039,7,10,,0,0
1393,Baun,Baun,170,0039,7,11,,0,0
1394,Garbyang,Garbyang,170,0039,7,12,,0,0
1395,Kalika,Kalika,170,0039,7,13,,0,0
1396,Jumma,Jumma,170,0039,7,14,,0,0
1397,Kuti,Kuti,170,0039,7,15,,0,0
1398,Sipu,Sipu,170,0039,7,16,,0,0
1399,Chhori Bagar,Chhori Bagar,170,0039,7,17,,0,0
1400,Khet,Khet,170,0039,7,18,,0,0
1401,Dhungatoli,Dhungatoli,170,0039,7,19,,0,0
1402,Galanti,Galanti,170,0039,7,20,,0,0
1403,Rung,Rung,170,0039,7,21,,0,0
1404,New Sobala,New Sobala,170,0039,7,22,,0,0
1405,Gunji,Gunji,170,0039,7,23,,0,0
1406,Toli,Toli,170,0039,7,24,,0,0
1407,Chami,Chami,170,0039,7,25,,0,0
1408,Nagling,Nagling,170,0039,7,26,,0,0
1409,Jarajibali,Jarajibali,170,0039,7,27,,0,0
1410,Jaykot,Jaykot,170,0039,7,28,,0,0
1411,Chitgal,Chitgal,177,0042,7,1,,0,0
1412,Bhuligaon,Bhuligaon,177,0042,7,2,,0,0
1413,Kunalta,Kunalta,177,0042,7,3,,0,0
1414,Ram Mandir,Ram Mandir,177,0042,7,4,,0,0
1415,Chaurpal,Chaurpal,177,0042,7,5,,0,0
1416,Ganai Gangoli,Ganai Gangoli,177,0042,7,6,,0,0
1417,Boyal,Boyal,177,0042,7,7,,0,0
1083,Khelpur,Khelpur,232,0076,13,1,,0,0
1084,Rohalki,Rohalki,232,0076,13,2,,0,0
1085,Sikanderpur,Sikanderpur,232,0076,13,3,,0,0
1086,Sirchandi,Sirchandi,232,0076,13,4,,0,0
1087,Chaulli Sahabbudin,Chaulli Sahabbudin,232,0076,13,5,,0,0
1088,Khubbanpur,Khubbanpur,232,0076,13,6,,0,0
1089,Alawalpur,Alawalpur,232,0076,13,7,,0,0
1090,Khedi Sikohpur,Khedi Sikohpur,232,0076,13,8,,0,0
1091,Dada Patti,Dada Patti,232,0076,13,9,,0,0
1092,Hallu Majra,Hallu Majra,232,0076,13,10,,0,0
1093,Sikroda,Sikroda,232,0076,13,11,,0,0
1094,Newada,Newada,232,0076,13,12,,0,0
1095,Dariyapur,Dariyapur,232,0076,13,13,,0,0
1096,Massai Kala,Massai Kala,232,0076,13,14,,0,0
1097,Buggawala,Buggawala,232,0076,13,15,,0,0
1098,Telpura,Telpura,232,0076,13,16,,0,0
1099,Banjarewala,Banjarewala,232,0076,13,17,,0,0
1100,Saheedwala Grunt,Saheedwala Grunt,232,0076,13,18,,0,0
1101,Banderjood,Banderjood,232,0076,13,19,,0,0
1102,Bhalaswagaaj,Bhalaswagaaj,232,0076,13,20,,0,0
1103,Behedki Saidabad,Behedki Saidabad,232,0076,13,21,,0,0
1104,Kunja Bahadurpur,Kunja Bahadurpur,232,0076,13,22,,0,0
1105,Balleki,Balleki,232,0076,13,23,,0,0
1106,Chudiyala,Chudiyala,232,0076,13,24,,0,0
1107,Manakpur,Manakpur,232,0076,13,25,,0,0
1108,Dheel Majra,Dheel Majra,232,0076,13,26,,0,0
1109,Dada Jalalpur,Dada Jalalpur,232,0076,13,27,,0,0
1110,Molna,Molna,232,0076,13,28,,0,0
1111,Narsan Khurd,Narsan Khurd,239,0076,13,29,,0,0
1112,Mundiyaki,Mundiyaki,239,0076,13,30,,0,0
1113,Lahboli,Lahboli,239,0076,13,31,,0,0
1114,Makdoompur,Makdoompur,239,0076,13,32,,0,0
1115,Tikola Kala,Tikola Kala,239,0076,13,33,,0,0
1116,Brahampur Jatt,Brahampur Jatt,239,0076,13,34,,0,0
1117,Kheda Jatt,Kheda Jatt,239,0076,13,35,,0,0
1118,Manglore,Manglore,239,0076,13,36,,0,0
1119,Tanda Bhanera,Tanda Bhanera,239,0076,13,37,,0,0
1120,Gadarjooda,Gadarjooda,239,0076,13,38,,0,0
1121,Jhabiran,Jhabiran,239,0076,13,39,,0,0
1122,Mundlana,Mundlana,239,0076,13,40,,0,0
1123,Harjolli Jatt,Harjolli Jatt,239,0076,13,41,,0,0
1124,Mandawali,Mandawali,239,0076,13,42,,0,0
1125,Libberhedi,Libberhedi,239,0076,13,43,,0,0
1126,Bhagtowali,Bhagtowali,239,0076,13,44,,0,0
1127,Baswakhedi,Baswakhedi,239,0076,13,45,,0,0
1128,Latherdeva,Latherdeva,239,0076,13,46,,0,0
1129,Kotwal,Kotwal,239,0076,13,47,,0,0
1130,Sherpur Khelmau,Sherpur Khelmau,239,0076,13,48,,0,0
1131,Nijampur,Nijampur,239,0076,13,49,,0,0
1132,Landora,Landora,239,0076,13,50,,0,0
1133,Jaurasi,Jaurasi,239,0076,13,51,,0,0
1134,Bhagwanpur chandanpur,Bhagwanpur Chandanpur,239,0076,13,52,,0,0
1135,Gadharona,Gadharona,239,0076,13,53,,0,0
1136,Dandera,Dandera,239,0076,13,54,,0,0
1137,Mohammadpur Mohanpura,Mohammadpur Mohanpura,239,0076,13,55,,0,0
1138,Bijholi,Bijholi,239,0076,13,56,,0,0
1139,Thithki,Thithki,239,0076,13,57,,0,0
1140,Narsan,Narsan,239,0076,13,58,,0,0
1141,Imlikhera,Imlikhera,246,0076,13,59,,0,0
1142,Majri,Majri,246,0076,13,60,,0,0
1143,Mehwad Kala,Mehwad Kala,246,0076,13,61,,0,0
1144,Salempur,Salempur,246,0076,13,62,,0,0
1145,Rampur,Rampur,246,0076,13,63,,0,0
1146,Paniyala,Paniyala,246,0076,13,64,,0,0
1147,Fazilpur,Fazilpur,246,0076,13,65,,0,0
1263,Bariya SC,Bariya SC,197,0074,12,30,,0,0
1264,Sadhunagar SC,Sadhunagar SC,197,0074,12,31,,0,0
1265,Sisona SC,Sisona SC,197,0074,12,32,,0,0
1266,Pandari SC,Pandari SC,197,0074,12,33,,0,0
1267,Virendranagar SC,Virendranagar SC,197,0074,12,34,,0,0
1269,Irakote,Irakote,126,0059,10,1,,0,0
1270,Kimtoli,Kimtoli,126,0059,10,2,,0,0
1271,Lupra,Lupra,126,0059,10,3,,0,0
1272,Chamdeval,Chamdeval,126,0059,10,4,,0,0
1273,Madlak,Madlak,126,0059,10,5,,0,0
1274,Digalichod,Digalichod,126,0059,10,6,,0,0
1275,Rausal,Rausal,126,0059,10,7,,0,0
1276,Chankandey,Chankandey,126,0059,10,8,,0,0
1277,Karnkarayat,Karnkarayat,126,0059,10,9,,0,0
1278,Mangoli,Mangoli,126,0059,10,10,,0,0
1279,Madua,Madua,126,0059,10,11,,0,0
1280,SC Choudamehta,SC Choudamehta,130,0058,10,1,,0,0
1281,SC Devidhura,SC Devidhura,129,0058,10,2,,0,0
1282,SC Khetikhan,SC Khetikhan,129,0058,10,3,,0,0
1283,SC Kanakote,SC Kanakote,129,0058,10,4,,0,0
1284,SC Pania,SC Pania,129,0058,10,5,,0,0
1285,SC Dhoonaghat,SC Dhoonaghat,129,0058,10,6,,0,0
1286,SC Chaurakote,SC Chaurakote,129,0058,10,7,,0,0
1287,SC Mangellekh,SC Mangellekh,129,0058,10,8,,0,0
1288,SC Kajeena,SC Kajeena,129,0058,10,9,,0,0
1289,SC Mantande,SC Mantande,129,0058,10,10,,0,0
1290,SC Bhingarara,SC Bhingarara,129,0058,10,11,,0,0
1291,Bishar,Bishar,151,0043,7,1,,0,0
1292,Rarikhuti,Rarikhuti,151,0043,7,2,,0,0
1293,Bera,Bera,151,0043,7,3,,0,0
1294,Jakh,Jakh,151,0043,7,4,,0,0
1295,Chainsar,Chainsar,151,0043,7,5,,0,0
1296,SC Pati,SC Pati,129,0058,10,12,,0,0
1297,Naini Saini,Naini Saini,151,0043,7,6,,0,0
1298,Seldhar,Seldhar,151,0043,7,7,,0,0
972,Bholna SC,Bholna SC,206,0046,8,16,,0,0
973,Pakki Khamaria SC,Pakki Khamaria SC,196,0072,12,13,,0,0
974,Chinki SC,Chinki SC,196,0072,12,14,,0,0
975,Kafligair SC,Kafligair SC,206,0046,8,17,,0,0
976,Darau SC,Darau SC,196,0072,12,15,,0,0
977,Sainj SC,Sainj SC,206,0046,8,18,,0,0
979,Devaria SC,Devaria SC,196,0072,12,16,,0,0
981,Dhapolasera SC,Dhapolasera SC,207,0045,8,1,,0,0
983,Gairad SC,Gairad SC,207,0045,8,2,,0,0
984,Ghingartola SC,Ghingartola SC,207,0045,8,3,,0,0
985,Gurna SC,Gurna SC,207,0045,8,4,,0,0
986,Jaithai SC,Jaithai SC,207,0045,8,5,,0,0
987,Kamedidevi SC,Kamedidevi SC,207,0045,8,6,,0,0
988,Kanda SC,Kanda SC,207,0045,8,7,,0,0
989,Rawatsera SC,Rawatsera SC,207,0045,8,8,,0,0
990,Saniudiyar SC,Saniudiyar SC,207,0045,8,9,,0,0
991,Chaugaonchina SC,Chaugaonchina SC,208,0046,8,19,,0,0
992,Paldichina SC,Paldichina SC,208,0046,8,20,,0,0
993,Baijnath SC,Baijnath SC,209,0047,8,1,,0,0
994,Bantoli SC,Bantoli SC,209,0047,8,2,,0,0
995,Dhaina SC,Dhaina SC,209,0047,8,3,,0,0
996,Garkhet SC,Garkhet SC,209,0047,8,4,,0,0
997,Gheti SC,Gheti SC,209,0047,8,5,,0,0
998,Jaiser SC,Jaiser SC,209,0047,8,6,,0,0
999,Thakla SC,Thakla SC,209,0047,8,7,,0,0
1000,Tilsari SC,Tilsari SC,209,0047,8,8,,0,0
1001,Wajula SC,Wajula SC,209,0047,8,9,,0,0
1002,Jakhera SC,Jakhera SC,210,0047,8,10,,0,0
1003,Khumatiya SC,Khumatiya SC,210,0047,8,11,,0,0
1004,Lamchula SC,Lamchula SC,210,0047,8,12,,0,0
1005,Chatyani SC,Chatyani SC,211,0047,8,13,,0,0
1006,Dholgaon SC,Dholgaon SC,211,0047,8,14,,0,0
1007,Jwanastate SC,Jwanastate SC,211,0047,8,15,,0,0
1008,Kandhar SC,Kandhar SC,211,0047,8,16,,0,0
1009,Pinglo SC,Pinglo SC,211,0047,8,17,,0,0
1010,Sirkot SC,Sirkot SC,211,0047,8,18,,0,0
1011,Dumlot SC,Dumlot SC,212,0047,8,19,,0,0
1012,Kausani SC,Kausani SC,212,0047,8,20,,0,0
1013,Laubanj SC,Laubanj SC,212,0047,8,21,,0,0
1014,Ason Kapkot SC,Ason Kapkot SC,213,0044,8,1,,0,0
1015,Harsila SC,Harsila SC,213,0044,8,2,,0,0
1016,Jalmani SC,Jalmani SC,213,0044,8,3,,0,0
1017,Kanyalikote SC,Kanyalikote SC,213,0044,8,4,,0,0
1018,Kapkote SC,Kapkote SC,213,0044,8,5,,0,0
1019,Nachti SC,Nachti SC,213,0044,8,6,,0,0
1020,Pudkuni SC,Pudkuni SC,213,0044,8,7,,0,0
1021,Rangdev SC,Rangdev SC,213,0044,8,8,,0,0
1022,Saran SC,Saran SC,213,0044,8,9,,0,0
1023,Simgari SC,Simgari SC,213,0044,8,10,,0,0
1024,Udhamsthal SC,Udhamsthal SC,213,0044,8,11,,0,0
1025,Harsigyabagar SC,Harsigyabagar SC,214,0044,8,12,,0,0
1026,Khati SC,Khati SC,214,0044,8,13,,0,0
1027,Lahur SC,Lahur SC,214,0044,8,14,,0,0
1028,Loharkhet SC,Loharkhet SC,214,0044,8,15,,0,0
1029,Supi SC,Supi SC,214,0044,8,16,,0,0
1148,Tansipur,Tansipur,246,0076,13,66,,0,0
1149,Delna,Delna,246,0076,13,67,,0,0
1150,Toda Kalyanpur,Toda Kalyanpur,246,0076,13,68,,0,0
1151,Nanheda,Nanheda,246,0076,13,69,,0,0
1152,Khatakhedi,Khatakhedi,246,0076,13,70,,0,0
1153,Madhopur,Madhopur,246,0076,13,71,,0,0
1154,Saliyar,Saliyar,246,0076,13,72,,0,0
1155,Kishanpur,Kishanpur,246,0076,13,73,,0,0
1156,Margoobpur,Margoobpur,246,0076,13,74,,0,0
1157,Bhonri,Bhonri,246,0076,13,75,,0,0
1158,Danderi,Danderi,246,0076,13,76,,0,0
1159,Brahampur,Brahampur,246,0076,13,77,,0,0
1160,Khanjarpur,Khanjarpur,246,0076,13,78,,0,0
1161,Latherdeva Shekh,Latherdeva Shekh,246,0076,13,79,,0,0
1162,Bhangedi,Bhangedi,246,0076,13,80,,0,0
1163,Belda,Belda,246,0076,13,81,,0,0
1164,Piran Kaliyar,Piran Kaliyar,246,0076,13,82,,0,0
1165,Dhanori,Dhanori,246,0076,13,83,,0,0
1166,Daulatpur,Daulatpur,246,0076,13,84,,0,0
1167,Shanter Shah,Shanter Shah,246,0076,13,85,,0,0
1168,Khedi Kala,Khedi Kala,238,0078,13,1,,0,0
1169,Sidhdoo,Sidhdoo,238,0078,13,2,,0,0
1170,Laksar Gaon,Laksar Gaon,238,0078,13,3,,0,0
1171,Mohammadpur Bujurg,Mohammadpur Bujurg,238,0078,13,4,,0,0
1172,Maharajpur Kala,Maharajpur Kala,238,0078,13,5,,0,0
1173,Bhagtanpur,Bhagtanpur,238,0078,13,6,16743,0,0
1174,Bijopura,Bijopura,238,0078,13,7,,0,0
1175,Jaitpur,Jaitpur,238,0078,13,8,,0,0
1176,Dhadeki,Dhadeki,238,0078,13,9,,0,0
1177,Sethpur,Sethpur,238,0078,13,10,,0,0
1178,Bahadarpur Khadar,Bahadarpur Khadar,238,0078,13,11,,0,0
1179,Aithal,Aithal,238,0078,13,12,,0,0
1180,Dabki Kala,Dabki Kala,238,0078,13,13,,0,0
1181,Raisi,Raisi,238,0078,13,14,,0,0
1182,Niranjanpur,Niranjanpur,238,0078,13,15,,0,0
1183,Mundakheda Kala,Mundakheda Kala,238,0078,13,16,,0,0
1184,Dargahpur,Dargahpur,238,0078,13,17,,0,0
1185,Mubarakpur,Mubarakpur,238,0078,13,18,,0,0
1186,Bhikkampur,Bhikkampur,238,0078,13,19,,0,0
1187,Rampur Raighati,Rampur raighati,238,0078,13,20,,0,0
1188,Bhogpur,bhogpur,238,0078,13,21,,0,0
1189,Bakarpur,Bakarpur,238,0078,13,22,,0,0
1190,Jhiverhedi,Jhiverhedi,238,0078,13,23,,0,0
1191,Sultanpur,Sultanpur,238,0078,13,24,,0,0
1192,Tanda Mahtoli,Tanda Mahtoli,238,0078,13,25,,0,0
854,Health Sub Center Sawar,Health Sub Center Sawar,138,0011,2,15,,0,0
855,Health Sub Center Wan,Health Sub Center Wan,138,0011,2,16,,0,0
857,Health Sub Center Alkot,Health Sub Center Alkot,143,0011,2,17,,0,0
858,Health Sub Center Kulsari,Health Sub Center Kulsari,143,0011,2,18,,0,0
860,Health Sub Center Sanjkhatoli,Health Sub Center Sanjkhatoli,143,0011,2,19,,0,0
861,Health Sub Center Kandwalgaon,Health Sub Center Kandwalgaon,143,0011,2,20,,0,0
863,Health Sub Center Kothali,Health Sub Center Kothali,143,0011,2,21,,0,0
865,Health Sub Center Dungri,Health Sub Center Dungri,143,0011,2,22,,0,0
866,Health Sub Center Nalgaon,Health Sub Center Nalgaon,143,0011,2,23,,0,0
867,Health Sub Center Gharkot,Health Sub Center Gharkot,143,0011,2,24,,0,0
868,Health Sub Center Harmani,Health Sub Center Harmani,143,0011,2,25,,0,0
869,Health Sub Center Kafoli,Health Sub Center Kafoli,143,0011,2,26,,0,0
877,Baria Doulat SC,Baria Doulat SC,165,0071,12,1,,0,0
878,Ramnagar SC,Ramnagar SC,165,0071,12,2,,0,0
879,Kelakhera SC,Kelakhera SC,165,0071,12,3,,0,0
880,Haripura Harsan SC,Haripura Harsan SC,164,0071,12,4,,0,0
882,Berhani SC,Berhani SC,164,0071,12,5,,0,0
883,Santoshpur SC,Santoshpur SC,164,0071,12,6,,0,0
884,Sulantanpurpatti SC,Sulantanpurpatti SC,159,0071,12,7,,0,0
885,Pipalia SC,Pipalia SC,159,0071,12,8,,0,0
886,Mahespura SC,Mahespura SC,159,0071,12,9,,0,0
887,Kesho Wala SC,Kesho Wala SC,161,0071,12,10,,0,0
888,Jogipura SC,Jogipura SC,161,0071,12,11,,0,0
889,Bannakhara SC,Bannakhara SC,161,0071,12,12,,0,0
890,Bajpur SC,Bajpur SC,161,0071,12,13,,0,0
891,Sekania SC,Sekania SC,174,0073,12,1,,0,0
892,Maseet SC,Maseet SC,174,0073,12,2,15834,0,0
893,Nandpur SC,Nandpur SC,174,0073,12,3,,0,0
894,Bhajpuri SC,Bhajpuri SC,169,0073,12,4,,0,0
895,Adarshnagar SC,Adarshnagar SC,169,0073,12,5,,0,0
896,Gularbhoj SC,Gularbhoj SC,169,0073,12,6,,0,0
897,Mohanpur SC,Mohanpur SC,178,0073,12,7,,0,0
898,Raipur SC,Raipur SC,178,0073,12,8,,0,0
899,Jafarpur SC,Jafarpur SC,178,0073,12,9,,0,0
900,Dineshpur SC,Dineshpur SC,171,0073,12,10,,0,0
901,Kalinagar SC,Kalinagar SC,171,0073,12,11,,0,0
902,Shrirampur SC,Shrirampur SC,171,0073,12,12,,0,0
903,Vijaynagar SC,Vijaynagar SC,171,0073,12,13,,0,0
904,Khempur SC,Khempur SC,201,0073,12,14,,0,0
905,Surajpur SC,Surajpur SC,201,0073,12,15,,0,0
906,Balramnagar SC,Balramnagar SC,201,0073,12,16,,0,0
907,Gadarpur SC,Gadarpur SC,201,0073,12,17,,0,0
908,Nadehai SC,Nadehai SC,182,0070,12,1,,0,0
909,Raipur SC,Raipur SC,182,0070,12,2,,0,0
910,Dharampur SC,Dharampur SC,182,0070,12,3,,0,0
911,Angadpur SC,Angadpur SC,182,0070,12,4,,0,0
912,Bhogpur Dam SC,Bhogpur Dam SC,183,0070,12,5,,0,0
1030,Vacham SC,Vacham SC,214,0044,8,17,,0,0
1031,Gulampardgar SC,Gulampardgar SC,215,0044,8,18,,0,0
1032,Pharsali SC,Pharsali SC,215,0044,8,19,,0,0
1033,Badiyakote SC,Badiyakote SC,216,0044,8,20,,0,0
1034,Bagar SC,Bagar SC,216,0044,8,21,,0,0
1035,Borbalra SC,Borbalra SC,216,0044,8,22,,0,0
1036,Karmi SC,Karmi SC,216,0044,8,23,,0,0
1037,Pothing SC,Pothing SC,216,0044,8,24,,0,0
1038,Sorag SC,Sorag SC,216,0044,8,25,,0,0
1039,Teekh SC,Teekh SC,216,0044,8,26,,0,0
1040,Bhanar SC,Bhanar SC,217,0044,8,27,,0,0
1041,Gogina SC,Gogina SC,217,0044,8,28,,0,0
1042,Majkhet SC,Majkhet SC,217,0044,8,29,,0,0
1043,Shama SC,Shama SC,217,0044,8,30,,0,0
1044,Garh,Garh,223,0077,13,1,16555,0,0
1045,Rajpur,Rajpur,223,0077,13,2,,0,0
1046,Pooranpur,Pooranpur,223,0077,13,3,,0,0
1047,Aurangabad,Aurangabad,223,0077,13,4,,0,0
1048,Gadowali,Gadowali,223,0077,13,5,,0,0
1049,Bongla,Bongla,223,0077,13,6,,0,0
1050,Salempur,Salempur,223,0077,13,7,,0,0
1051,Rawli Mahdood,Rawli Mahdood,223,0077,13,8,,0,0
1052,Jamalpur Kala,Jamalpur Kala,223,0077,13,9,,0,0
1053,Laldaang,Laldaang,223,0077,13,10,,0,0
1054,Jaspur Chamaria,Jaspur Chamaria,223,0077,13,11,,0,0
1055,Meethiberi,Meethiberi,223,0077,13,12,,0,0
1056,Gaindikhata,Gaindikhata,223,0077,13,13,,0,0
1057,Kangri,Kangri,223,0077,13,14,,0,0
1058,Shyampur,Shyampur,223,0077,13,15,,0,0
1059,Sarai,Sarai,223,0077,13,16,,0,0
1060,Akkad Kala,Akkad Kala,223,0077,13,17,,0,0
1061,Bahadurpur Jatt,Bahadurpur Jatt,223,0077,13,18,,0,0
1062,Jagjeetpur,Jagjeetpur,223,0077,13,19,,0,0
1063,Panjanhedi,Panjanhedi,223,0077,13,20,,0,0
1064,Subhash Nagar,Subhash Nagar,223,0077,13,21,,0,0
1065,Bihari Nagar,Bihari Nagar,223,0077,13,22,,0,0
1066,Rohalki,Rohalki,223,0077,13,23,,0,0
1067,Ahmadpur Grunt,Ahmadpur Grunt,223,0077,13,24,,0,0
1068,Peetpur,Peetpur,223,0077,13,25,,0,0
1069,Ambuwala,Ambuwala,223,0077,13,26,,0,0
1070,Kota Murad Nagar,Kota Murad Nagar,223,0077,13,27,,0,0
1071,Jaswawala,Jaswawala,223,0077,13,28,,0,0
1072,Sohalpur,Sohalpur,223,0077,13,29,,0,0
1073,Manubaans,Manubaans,223,0077,13,30,,0,0
1074,Daluwala Majbatta,Daluwala Majbatta,223,0077,13,31,,0,0
1075,Khalateera,Khalateera,223,0077,13,32,,0,0
1076,Pherupur,Pherupur,223,0077,13,33,,0,0
1077,Badshahpur,Badshahpur,223,0077,13,34,,0,0
1078,Shivgarh,Shivgarh,223,0077,13,35,,0,0
1079,Gujjar Basti Pathri,Gujjar Basti Pathri,223,0077,13,36,,0,0
1080,Shahpur,Shahpur,223,0077,13,37,,0,0
1081,Dhanpura,Dhanpura,223,0077,13,38,,0,0
1082,Alipur,Alipur,223,0077,13,39,,0,0
687,Dobra SC,Dobra SC,31,0020,4,37,,0,0
688,Jaspur SC,Jaspur SC,31,0020,4,38,,0,0
689,Khola SC,Khola SC,148,0017,4,21,,0,0
690,Dangchaura SC,Dangchaura SC,148,0017,4,22,,0,0
691,Maletha SC,Maletha SC,148,0017,4,23,,0,0
692,Ghargaon SC,Ghargaon SC,148,0017,4,24,,0,0
693,Bhikiyasein,Bhikiyasein,113,0048,9,1,,0,0
694,Chaurikhal SC,Chaurikhal SC,148,0017,4,25,,0,0
695,Batrojkhan,Batrojkhan,113,0048,9,2,,0,0
696,Badiyargad SC,Badiyargad SC,148,0017,4,26,,0,0
697,Dhaari Dhundsir SC,Dhaari Dhundsir SC,148,0017,4,27,,0,0
698,Silkakhal SC,Silkakhal SC,148,0017,4,28,,0,0
699,Thaati SC,Thaati SC,148,0017,4,29,,0,0
700,Pendula SC,Pendula SC,148,0017,4,30,,0,0
701,Anchrikhunt SC,Anchrikhunt SC,148,0017,4,31,,0,0
702,Jakhand SC,Jakhand SC,148,0017,4,32,,0,0
704,Kilkileshwar SC,Kilkileshwar SC,148,0017,4,33,,0,0
706,Radagaad (Tola) SC,Radagaad SC,148,0017,4,34,,0,0
707,Vinayak,Vinayak,113,0048,9,4,,0,0
708,Chiledi SC,Chiledi SC,148,0017,4,35,,0,0
709,Dhaarkot Badbagi SC,Dhaarkot SC,148,0017,4,36,,0,0
710,Wajan,Wajan,113,0048,9,5,,0,0
711,Dola,Dola,113,0048,9,6,,0,0
712,Jeanul,Jeanul,113,0048,9,7,,0,0
713,Lisedi,Lisedi,113,0048,9,8,,0,0
714,Narsinghdanda,Narsinghdanda,123,0057,10,13,,0,0
715,Majhera,Majhera,113,0048,9,9,,0,0
716,Nigrali,Nigrali,113,0048,9,10,,0,0
717,Nirkot,Nirkot,113,0048,9,11,,0,0
718,Health Sub Center Majothi,Health Sub Center Majothi,132,0008,2,1,,0,0
719,Sirmoli,Sirmoli,113,0048,9,12,,0,0
720,Health Sub Center Erani,Health Sub Center Erani,132,0008,2,2,,0,0
721,Sinoda,Sinoda,113,0048,9,13,,0,0
722,Health Sub Center Gonagari,Health Sub Center Gonagari,132,0008,2,3,,0,0
723,Guroli,Guroli,123,0057,10,14,,0,0
724,Sanda,Sanda,113,0048,9,14,,0,0
725,Magron SC,Magron SC,24,0016,4,1,2672,0,0
726,Health Sub Center Mathbemru,Health Sub Center Mathbemru,132,0008,2,4,,0,0
727,Seeling,Seeling,113,0048,9,15,,0,0
728,Padagli SC,Padagli SC,24,0016,4,2,,0,0
729,Health Sub Center Chhinka,Health Sub Center Chhinka,132,0008,2,5,,0,0
730,Senaar,Senaar,113,0048,9,16,,0,0
731,Chamiyala SC,Chamiyala SC,24,0016,4,3,,0,0
732,Health Sub Center Maikot,Health Sub Center Maikot,132,0008,2,6,,0,0
733,Bahedi SC,Bahedi SC,24,0016,4,4,,0,0
734,Takulti,Takulti,113,0048,9,17,,0,0
735,Health Sub Center Gadora,Health Sub Center Gadora,132,0008,2,7,,0,0
736,Kemar Kerath SC,Kemar Kerath SC,24,0016,4,5,,0,0
737,Bhaisiyachhana,Bhaisiyachhana,112,0053,9,12,,0,0
738,Devleshwar SC,Devleshwar SC,24,0016,4,6,,0,0
739,Health Sub Center Mandal,Health Sub Center Mandal,132,0008,2,8,,0,0
740,Banbasa,Banbasa,125,0057,10,15,,0,0
913,Bhagwantpur SC,Bhagwantpur SC,183,0070,12,6,,0,0
914,Patrampur 1SC,Patrampur 1SC,183,0070,12,7,,0,0
915,Patrampur 2SC,Patrampur 2SC,183,0070,12,8,,0,0
916,Garinegi SC,Garinegi SC,184,0070,12,9,,0,0
917,Karanpur SC,Karanpur SC,184,0070,12,10,,0,0
918,Sarvarkhera SC,Sarvarkhera SC,185,0070,12,11,,0,0
920,Lalpur SC,Lalpur SC,185,0070,12,12,,0,0
924,Narayannagar SC,Narayannagar SC,186,0069,12,1,,0,0
925,Kundeshwari SC,Kundeshwari SC,186,0069,12,2,,0,0
926,Penga SC,Penga SC,186,0069,12,3,,0,0
927,Shivlalpur Amarjhanda SC,Shivlalpur Amarjhanda SC,186,0069,12,4,,0,0
928,Manpur SC,Manpur SC,186,0069,12,5,,0,0
930,Banskhera SC,Banskhera SC,186,0069,12,6,,0,0
931,Barkherapanday SC,Barkherapanday SC,188,0069,12,7,,0,0
932,Parmanandpur SC,Parmanandpur SC,188,0069,12,8,,0,0
933,Barkhri SC,Barkhri SC,188,0069,12,9,,0,0
934,Guljarpur SC,Guljarpur SC,187,0069,12,10,,0,0
935,Pratappur SC,Pratappur SC,187,0069,12,11,,0,0
936,Dhakia SC,Dhakia SC,187,0069,12,12,,0,0
937,Kharmasa SC,Kharmasa SC,187,0069,12,13,,0,0
938,Hempurdaya SC,Hempurdaya SC,187,0069,12,14,,0,0
939,Banlekh SC,Banlekh SC,204,0046,8,1,,0,0
940,Chaura Banlekh SC,Chaura Banlekh SC,204,0046,8,2,,0,0
941,Devalchaura SC,Devalchaura SC,204,0046,8,3,,0,0
943,Pandraplai SC,Pandraplai SC,204,0046,8,4,,0,0
947,Haldi SC,Haldi SC,194,0072,12,1,,0,0
948,Bara SC,Bara SC,193,0072,12,2,,0,0
949,Bageshwar SC,Bageshwar SC,218,0046,8,5,,0,0
950,Rudrapur Sahni SC,Rudrapur Sahni SC,193,0072,12,3,,0,0
951,Bhatoli SC,Bhatoli SC,218,0046,8,6,,0,0
952,Suryanagar SC,Suryanagar SC,193,0072,12,4,,0,0
953,Chami SC,Chami SC,218,0046,8,7,,0,0
954,Sahdaura SC,Sahdaura SC,193,0072,12,5,,0,0
955,Dhari Bageshwar SC,Dhari Bageshwar SC,218,0046,8,8,,0,0
957,Fatgali SC,Fatgali SC,218,0046,8,9,,0,0
958,Bhanga SC,Bhanga SC,193,0072,12,6,,0,0
959,Satratbe SC,Satratbe SC,218,0046,8,10,,0,0
960,Kanakpur SC,Kanakpur SC,195,0072,12,7,,0,0
961,Shyaldoba SC,Shyaldoba SC,218,0046,8,11,,0,0
962,Danpur SC,Danpur SC,195,0072,12,8,,0,0
964,Ason SC,Ason SC,205,0046,8,12,,0,0
965,Bohala SC,Bohala SC,205,0046,8,13,,0,0
966,Narayanpur SC,Narayanpur SC,195,0072,12,9,,0,0
967,Chani SC,Chani SC,205,0046,8,14,,0,0
968,Ramnagar- Bhmrola SC,Ramnagar/ Bhmrola SC,195,0072,12,10,,0,0
969,Simsyari SC,Simsyari SC,205,0046,8,15,,0,0
970,Bindukhera SC,Bindukhera SC,195,0072,12,11,,0,0
971,Chakoni SC,Chakoni SC,196,0072,12,12,,0,0
741,Nageshwar Saur SC,Nageshwar Saur SC,24,0016,4,7,,0,0
742,Dalla SC,Dalla SC,24,0016,4,8,,0,0
743,Health Sub Center Sonla Bacher,Health Sub Center Sonla Bacher,132,0008,2,9,,0,0
744,Kepars SC,Kepars SC,24,0016,4,9,,0,0
745,Health Sub Center Tangsa,Health Sub Center Tangsa,132,0008,2,10,,0,0
746,Bhatt Gaon SC,Bhatt Gaon SC,24,0016,4,10,,0,0
747,Dyodakhal,Dyodakhal,122,0051,9,1,,0,0
748,Health Sub Center Saikot,Health Sub Center Saikot,132,0008,2,11,,0,0
749,Talewan SC,Talewan SC,24,0016,4,11,,0,0
750,Nayakgoth,Nayakgoth,125,0057,10,16,,0,0
751,Nandprayag,Health Sub Center Nandprayag,132,0008,2,12,0,0,0
752,Chougaon,Chougaon,122,0051,9,2,,0,0
753,Health Sub Center Sartoli,Health Sub Center Sartoli,132,0008,2,13,,0,0
754,Katheti SC,Katheti SC,24,0016,4,12,,0,0
755,Padoli,Padoli,122,0051,9,3,,0,0
756,Chandani,Chandani,125,0057,10,17,,0,0
757,Thaati SC,Thaati SC,24,0016,4,13,,0,0
758,Jenoli,Jenoli,122,0051,9,4,,0,0
759,Tarikhet,Tarikhet,122,0051,9,5,,0,0
760,Health Sub Center Devarkhadora,Health Sub Center Devarkhadora,132,0008,2,14,,0,0
761,Bajeena,Bajeena,122,0051,9,6,,0,0
762,Aambag,Aambag,125,0057,10,18,,0,0
763,Jeena,Jeena,122,0051,9,7,,0,0
764,Musoli,Musoli,122,0051,9,8,,0,0
765,Suri,Suri,122,0051,9,9,,0,0
766,Ucholigoth,Ucholigoth,125,0057,10,19,,0,0
767,Kalnu,Kalnu,122,0051,9,10,,0,0
768,Khanmandoli,Khanmandoli,122,0051,9,11,,0,0
769,Garigoth,Garigoth,125,0057,10,20,,0,0
770,Chakuni,Chakuni,122,0051,9,12,,0,0
771,Bhanti,Bhanti,134,0008,2,15,935,0,0
772,Health Sub Center Lawani,Health Sub Center Lawani,134,0008,2,16,,0,0
773,Health Sub Center Durma Mokh,Health Sub Center Durma Mokh,134,0008,2,17,,0,0
774,Health Sub Center Kandai,Health Sub Center Kandai,134,0008,2,18,,0,0
775,Health Sub Center Pagna,Health Sub Center Pagna,134,0008,2,19,,0,0
776,Health Sub Center Bharni,Health Sub Center Bharni,134,0008,2,20,,0,0
777,Health Sub Center Ramni,Health Sub Center Ramni,134,0008,2,21,,0,0
778,Khatoli,Khatoli,123,0057,10,21,,0,0
779,Health Sub Center Sitel,Health Sub Center Sitel,134,0008,2,22,,0,0
780,Dyuri,Dyuri,123,0057,10,22,,0,0
781,Tarkuli,Tarkuli,124,0057,10,23,,0,0
782,Health Sub Center Bachhuwawan,Health Sub Center Bachhuwawan,135,0012,2,1,,0,0
783,Health Sub Center Latugair,Health Sub Center Latugair,135,0012,2,2,,0,0
784,Manch,Manch,124,0057,10,24,,0,0
785,Health Sub Center Mehalchauri,Health Sub Center Mehalchauri,135,0012,2,3,,0,0
